Date,Open,High,Low,Close,Volume
2020-08-28,3.399935007095337,5.195953845977783,1.2609529495239258,2.546844959259033,9782182
2020-08-29,2.540743112564087,2.9803080558776855,0.6965579986572266,1.1864279508590698,24371937
2020-08-30,1.215857982635498,3.762795925140381,1.2093260288238525,3.1422810554504395,93981664
2020-08-31,3.1422810554504395,7.153902053833008,2.7910940647125244,6.714776992797852,261601062
2020-09-01,6.714993000030518,11.933762550354004,6.219521999359131,8.917025566101074,592326063
2020-09-02,8.897053718566895,9.093302726745605,6.175918102264404,7.215372085571289,581254410
2020-09-03,7.2356061935424805,8.796701431274414,4.781859874725342,4.991806983947754,577016889
2020-09-04,4.964767932891846,5.745512962341309,4.464877128601074,4.609827041625977,342998662
2020-09-05,4.594119071960449,5.0190839767456055,1.3846499919891357,1.9481819868087769,493710512
2020-09-06,1.9215999841690063,3.484010934829712,1.167678952217102,3.1929221153259277,1108253041
2020-09-07,3.196820020675659,3.307668924331665,2.242685079574585,2.8374359607696533,641983271
2020-09-08,2.8430700302124023,2.953397035598755,2.312946081161499,2.377587080001831,333785355
2020-09-09,2.3723440170288086,3.166973114013672,2.1931989192962646,2.878175973892212,470324448
2020-09-10,2.8833200931549072,3.125300884246826,2.2657909393310547,2.3899788856506348,357473452
2020-09-11,2.3869709968566895,2.9251129627227783,2.098335027694702,2.708122968673706,463814467
2020-09-12,2.7208549976348877,2.7208549976348877,2.3433759212493896,2.6165881156921387,391306556
2020-09-13,2.6183080673217773,2.6274399757385254,2.210068941116333,2.3277499675750732,232778008
2020-09-14,2.318459987640381,2.673811912536621,2.1772871017456055,2.465019941329956,339732470
2020-09-15,2.465019941329956,2.6289820671081543,1.7363539934158325,1.7620160579681396,414091618
2020-09-16,1.7643009424209595,1.797737956047058,1.4798120260238647,1.5142749547958374,219596422
2020-09-17,1.5185530185699463,1.6556739807128906,1.3288509845733643,1.5409530401229858,219306639
2020-09-18,1.5368850231170654,1.8426929712295532,1.5368850231170654,1.686769962310791,282138982
2020-09-19,1.6929969787597656,1.9413180351257324,1.615394949913025,1.7854950428009033,220699414
2020-09-20,1.7780359983444214,1.9343810081481934,1.5859819650650024,1.647068977355957,213526569
2020-09-21,1.647068977355957,1.7314200401306152,1.3704169988632202,1.4222429990768433,173947197
2020-09-22,1.420261025428772,1.4607700109481812,1.3274719715118408,1.3894590139389038,97752461
2020-09-23,1.3915760517120361,1.4416619539260864,1.2382780313491821,1.2713249921798706,167555127
2020-09-24,1.2714149951934814,1.471371054649353,1.2541040182113647,1.408079981803894,139292228
2020-09-25,1.4117419719696045,1.437952995300293,1.3448549509048462,1.4032549858093262,89118562
2020-09-26,1.4029719829559326,1.4391820430755615,1.358620047569275,1.396752953529358,67899036
2020-09-27,1.3964179754257202,1.442492961883545,1.346066951751709,1.3778589963912964,58414435
2020-09-28,1.3746219873428345,1.3928940296173096,1.2582980394363403,1.2693450450897217,66061942
2020-09-29,1.2693450450897217,1.2860139608383179,1.2007919549942017,1.2554359436035156,68354648
2020-09-30,1.2533220052719116,1.3231019973754883,1.242946982383728,1.2829140424728394,74519613
2020-10-01,1.284891963005066,1.3489630222320557,1.2099980115890503,1.252100944519043,67203340
2020-10-02,1.2506170272827148,1.2622909545898438,1.0724960565567017,1.120695948600769,78960337
2020-10-03,1.1198179721832275,1.1273020505905151,1.0518419742584229,1.0518419742584229,39015395
2020-10-04,1.0572400093078613,1.0669440031051636,0.869674026966095,0.8736960291862488,82310426
2020-10-05,0.8775320053100586,0.9374359846115112,0.8233270049095154,0.8457000255584717,103032459
2020-10-06,0.8458399772644043,0.84859299659729,0.6304559707641602,0.6386119723320007,151672346
2020-10-07,0.6391699910163879,0.6536750197410583,0.5544139742851257,0.6536750197410583,139071956
2020-10-08,0.6651390194892883,0.7913110256195068,0.5992569923400879,0.7699990272521973,147745426
2020-10-09,0.773160994052887,0.8653479814529419,0.740676999092102,0.8279470205307007,109110266
2020-10-10,0.8275859951972961,0.8674989938735962,0.7367820143699646,0.749055027961731,91958008
2020-10-11,0.7477610111236572,0.7828440070152283,0.7006819844245911,0.7599999904632568,75332784
2020-10-12,0.7597020268440247,0.7969239950180054,0.7333999872207642,0.7614359855651855,52137909
2020-10-13,0.7611119747161865,0.7688279747962952,0.7163360118865967,0.7368900179862976,40287525
2020-10-14,0.7377960085868835,0.7634750008583069,0.6939709782600403,0.722241997718811,41677014
2020-10-15,0.7202209830284119,0.7202209830284119,0.670864999294281,0.7018759846687317,42501507
2020-10-16,0.702085018157959,0.7060559988021851,0.6453700065612793,0.6523039937019348,44168701
2020-10-17,0.6545310020446777,0.6776430010795593,0.6449220180511475,0.6634389758110046,24828939
2020-10-18,0.6631010174751282,0.7150589823722839,0.6618260145187378,0.7131180167198181,31253784
2020-10-19,0.713782012462616,0.7146819829940796,0.6711570024490356,0.6776340007781982,30192159
2020-10-20,0.6786640286445618,0.6786640286445618,0.6141219735145569,0.6259250044822693,31577541
2020-10-21,0.6276080012321472,0.6933950185775757,0.6242499947547913,0.6642389893531799,39395597
2020-10-22,0.6647530198097229,0.7142680287361145,0.6608499884605408,0.6642670035362244,32925766
2020-10-23,0.666920006275177,0.695002019405365,0.6465020179748535,0.6639729738235474,24915300
2020-10-24,0.6639729738235474,0.6687359809875488,0.6467409729957581,0.6571400165557861,14098346
2020-10-25,0.6571400165557861,0.6577900052070618,0.6179720163345337,0.6229119896888733,17079120
2020-10-26,0.6229119896888733,0.642553985118866,0.5916020274162292,0.6270380020141602,29724396
2020-10-27,0.627036988735199,0.707539975643158,0.6253200173377991,0.6865789890289307,56467450
2020-10-28,0.6865789890289307,0.698852002620697,0.6119109988212585,0.6391050219535828,49724948
2020-10-29,0.6391050219535828,0.6772189736366272,0.620639979839325,0.6424660086631775,36378804
2020-10-30,0.642441987991333,0.6485120058059692,0.5900539755821228,0.5987799763679504,35784943
2020-10-31,0.5987910032272339,0.6325700283050537,0.5909000039100647,0.6050639748573303,21423757
2020-11-01,0.6050500273704529,0.6151310205459595,0.5952469706535339,0.6046460270881653,14463039
2020-11-02,0.6046680212020874,0.6201019883155823,0.5832380056381226,0.5836390256881714,26119879
2020-11-03,0.5836390256881714,0.5836390256881714,0.5082700252532959,0.5235649943351746,31226527
2020-11-04,0.5235689878463745,0.5273929834365845,0.473675012588501,0.4865480065345764,25435438
2020-11-05,0.4865480065345764,0.5359600186347961,0.47957101464271545,0.5189759731292725,24117287
2020-11-06,0.5189679861068726,0.6260319948196411,0.5160070061683655,0.6148399710655212,28678790
2020-11-07,0.6148399710655212,0.7082419991493225,0.5828279852867126,0.6020489931106567,54335796
2020-11-08,0.6020489931106567,0.6586719751358032,0.5915780067443848,0.6397650241851807,24619070
2020-11-09,0.6397650241851807,0.6551769971847534,0.5857329964637756,0.6010349988937378,24408249
2020-11-10,0.6010349988937378,0.6882150173187256,0.5857840180397034,0.6715570092201233,27954393
2020-11-11,0.6715570092201233,0.7549129724502563,0.6715570092201233,0.6828830242156982,45371289
2020-11-12,0.6828820109367371,0.7208240032196045,0.6451129913330078,0.6920269727706909,36803901
2020-11-13,0.6920279860496521,0.9759399890899658,0.6871619820594788,0.9657040238380432,89140367
2020-11-14,0.9657040238380432,1.090643048286438,0.8578299880027771,1.056460976600647,132973144
2020-11-15,1.056460976600647,1.3975520133972168,1.048037052154541,1.2458029985427856,202407463
2020-11-16,1.2458029985427856,1.4624810218811035,1.1419310569763184,1.328091025352478,210780832
2020-11-17,1.3175450563430786,1.4311579465866089,1.235205054283142,1.3367700576782227,136147652
2020-11-18,1.336732029914856,1.352226972579956,1.0779919624328613,1.1441819667816162,106347272
2020-11-19,1.144204020500183,1.6416130065917969,1.1182500123977661,1.5626909732818604,257410437
2020-11-20,1.5626879930496216,1.789749026298523,1.5013829469680786,1.5758349895477295,208875963
2020-11-21,1.5758349895477295,1.729423999786377,1.5061609745025635,1.642524003982544,145347238
2020-11-22,1.642524003982544,1.7417850494384766,1.4093810319900513,1.6070539951324463,150977040
2020-11-23,1.6070549488067627,1.6784809827804565,1.4335720539093018,1.5278509855270386,142090940
2020-11-24,1.5272170305252075,1.5823709964752197,1.3021910190582275,1.3428549766540527,157887130
2020-11-25,1.3413690328598022,1.500067949295044,1.1827080249786377,1.2264389991760254,116588471
2020-11-26,1.2251720428466797,1.4205620288848877,0.9788680076599121,1.4196799993515015,208703021
2020-11-27,1.4200880527496338,1.4996739625930786,1.3137400150299072,1.4498790502548218,171361621
2020-11-28,1.4494080543518066,1.476523995399475,1.356016993522644,1.3647550344467163,79674880
2020-11-29,1.3659809827804565,1.454800009727478,1.3521560430526733,1.423388957977295,63878328
2020-11-30,1.4237200021743774,1.5753769874572754,1.4166239500045776,1.5741640329360962,112773030
2020-12-01,1.5753870010375977,2.003959894180298,1.5442990064620972,1.9369879961013794,408353803
2020-12-02,1.9289569854736328,2.360795021057129,1.8816959857940674,2.1787009239196777,404543645
2020-12-03,2.178555965423584,2.217587947845459,2.0433061122894287,2.13287091255188,181869114
2020-12-04,2.131859064102173,2.1514101028442383,1.842839002609253,1.90378999710083,173984167
2020-12-05,1.9072649478912354,2.320904016494751,1.8681399822235107,2.3149430751800537,214684543
2020-12-06,2.31439208984375,2.325252056121826,2.0805130004882812,2.186721086502075,147520870
2020-12-07,2.1874589920043945,2.484705924987793,2.1118030548095703,2.4168760776519775,209537391
2020-12-08,2.41054105758667,2.4640679359436035,2.0580739974975586,2.1206400394439697,227851958
2020-12-09,2.1170730590820312,2.307724952697754,1.9782160520553589,2.2185781002044678,191943747
2020-12-10,2.2169289588928223,2.231884002685547,2.1000139713287354,2.1642730236053467,132323905
2020-12-11,2.1614699363708496,2.1621739864349365,1.8968050479888916,1.9309300184249878,145199231
2020-12-12,1.928676962852478,2.2077300548553467,1.9269269704818726,2.1477770805358887,117013582
2020-12-13,2.1500489711761475,2.4225618839263916,2.1495559215545654,2.385653018951416,158156366
2020-12-14,2.3833909034729004,2.583812952041626,2.254533052444458,2.563314914703369,170416176
2020-12-15,2.562911033630371,2.7925961017608643,2.5335090160369873,2.7322840690612793,257814436
2020-12-16,2.7287418842315674,2.9468560218811035,2.5733580589294434,2.8420848846435547,313279804
2020-12-17,2.8429698944091797,2.953130006790161,2.6481781005859375,2.6842710971832275,266556701
2020-12-18,2.6843929290771484,2.8575000762939453,2.59517502784729,2.8308210372924805,172223048
2020-12-19,2.830070972442627,3.0708770751953125,2.7156319618225098,2.87733793258667,239670361
2020-12-20,2.8779399394989014,2.9324100017547607,2.6469779014587402,2.700282096862793,175507099
2020-12-21,2.7004599571228027,2.777250051498413,2.448662042617798,2.5143790245056152,183466359
2020-12-22,2.5137689113616943,2.7462210655212402,2.30157208442688,2.721506118774414,225233336
2020-12-23,2.719249963760376,2.7526938915252686,1.3101439476013184,2.181555986404419,307914391
2020-12-24,2.1929309368133545,2.5968899726867676,1.9927170276641846,2.5822389125823975,300002528
2020-12-25,2.5815589427948,2.671478033065796,2.375269889831543,2.5296380519866943,197251419
2020-12-26,2.531903028488159,2.5335750579833984,2.3273580074310303,2.3774960041046143,167555034
2020-12-27,2.379966974258423,2.712272882461548,2.31581711769104,2.6249659061431885,250298743
2020-12-28,2.6276628971099854,2.883526086807251,2.5713090896606445,2.6188199520111084,250882096
2020-12-29,2.61824107170105,2.6607720851898193,2.3793671131134033,2.5147221088409424,187680479
2020-12-30,2.5105490684509277,2.734631061553955,2.3925020694732666,2.603667974472046,207562181
2020-12-31,2.597564935684204,2.9103519916534424,2.4624950885772705,2.862950086593628,246552202
2021-01-01,2.8633480072021484,3.3310909271240234,2.8027820587158203,3.3310909271240234,393919495
2021-01-02,3.3308780193328857,3.35719895362854,3.058734893798828,3.1959950923919678,368692971
2021-01-03,3.1970620155334473,3.5830090045928955,2.9965999126434326,3.4410300254821777,410863381
2021-01-04,3.44638991355896,4.128889083862305,3.238054037094116,3.5641980171203613,561466318
2021-01-05,3.56722092628479,3.9880270957946777,3.1430060863494873,3.865591049194336,544009391
2021-01-06,3.8644919395446777,4.120320796966553,3.579967975616455,3.88665509223938,415723844
2021-01-07,3.8899619579315186,4.359354019165039,3.6581571102142334,3.94042706489563,407953286
2021-01-08,3.943376064300537,4.468764781951904,3.2861568927764893,4.300872802734375,507317045
2021-01-09,4.299585819244385,4.985318183898926,4.183835983276367,4.671665191650391,547770211
2021-01-10,4.673565864562988,4.863997936248779,4.0876030921936035,4.397375106811523,387543123
2021-01-11,4.3966779708862305,4.4034929275512695,3.205254077911377,3.8691580295562744,514656097
2021-01-12,3.8659110069274902,4.638049125671387,3.719794988632202,4.2461628913879395,489509998
2021-01-13,4.247122764587402,5.18281888961792,3.999972105026245,5.111767768859863,554503572
2021-01-14,5.111540794372559,5.749773979187012,5.010064125061035,5.583545207977295,594812469
2021-01-15,5.60933780670166,6.6996002197265625,5.397694110870361,6.417521953582764,871448931
2021-01-16,6.418893814086914,7.476411819458008,6.1274638175964355,7.157166004180908,742419970
2021-01-17,7.152182102203369,7.781619071960449,6.820067882537842,7.045025825500488,741985642
2021-01-18,7.0465850830078125,7.6952738761901855,6.8819169998168945,7.47147798538208,604741193
2021-01-19,7.473133087158203,7.693439960479736,6.393307209014893,6.591366767883301,576490313
2021-01-20,6.571786880493164,7.316533088684082,6.089244842529297,7.284608840942383,626654166
2021-01-21,7.298960208892822,7.316341876983643,5.477653980255127,5.622572898864746,658655570
2021-01-22,5.611355781555176,6.98626708984375,5.246220111846924,6.75107479095459,615447155
2021-01-23,6.742514133453369,7.425978183746338,6.6145830154418945,7.048518180847168,535360128
2021-01-24,7.052271842956543,8.457512855529785,7.000071048736572,8.354352951049805,723152071
2021-01-25,8.342971801757812,9.167969703674316,7.44088077545166,7.652768135070801,1017994704
2021-01-26,7.645699977874756,8.367005348205566,6.815134048461914,8.108214378356934,1090546471
2021-01-27,8.12141227722168,8.173625946044922,6.984224796295166,7.100998878479004,811285339
2021-01-28,7.092909812927246,8.691713333129883,6.986908912658691,8.286766052246094,867555137
2021-01-29,8.479744911193848,9.005681037902832,7.796976089477539,9.005681037902832,834583906
2021-01-30,8.997455596923828,10.325404167175293,8.406286239624023,10.31795597076416,930690704
2021-01-31,10.346739768981934,10.97349739074707,9.68496322631836,10.156295776367188,1321376870
2021-02-01,10.143258094787598,13.027007102966309,9.776761054992676,12.966564178466797,1264928626
2021-02-02,12.989320755004883,13.765471458435059,12.23245620727539,12.677213668823242,1131578998
2021-02-03,12.679938316345215,14.852083206176758,12.512635231018066,14.23784065246582,1028914718
2021-02-04,14.228203773498535,16.510129928588867,14.045245170593262,15.447585105895996,1197253371
2021-02-05,15.435428619384766,15.818275451660156,14.8184232711792,14.982338905334473,760400197
2021-02-06,14.98157024383545,15.363273620605469,13.313382148742676,13.841278076171875,965755282
2021-02-07,13.824559211730957,13.984495162963867,11.521946907043457,13.156203269958496,811188173
2021-02-08,13.13833236694336,14.639327049255371,12.703819274902344,14.132465362548828,801035905
2021-02-09,14.124716758728027,14.936494827270508,13.634122848510742,14.34217357635498,695478163
2021-02-10,14.321474075317383,15.810704231262207,13.856654167175293,14.88676929473877,950211536
2021-02-11,14.872770309448242,17.466447830200195,14.209861755371094,16.917259216308594,900312206
2021-02-12,16.87571144104004,17.27327537536621,15.724085807800293,16.591354370117188,728532636
2021-02-13,16.593372344970703,17.2242374420166,15.702922821044922,15.99415397644043,537759755
2021-02-14,15.997077941894531,16.324039459228516,14.882386207580566,14.9961519241333,483513847
2021-02-15,14.973115921020508,18.344112396240234,12.937576293945312,17.24179458618164,1150281438
2021-02-16,17.22759437561035,17.905359268188477,15.640297889709473,16.454713821411133,670120535
2021-02-17,16.456151962280273,17.099050521850586,14.710471153259277,16.20451545715332,756634979
2021-02-18,16.18861961364746,16.932222366333008,15.539735794067383,15.801433563232422,421399052
2021-02-19,15.813090324401855,15.888587951660156,13.980085372924805,14.535213470458984,655842887
2021-02-20,14.536678314208984,19.652109146118164,14.522592544555664,18.430219650268555,1910186131
2021-02-21,18.38399887084961,19.319997787475586,16.923553466796875,17.359952926635742,665807953
2021-02-22,17.348514556884766,17.35822868347168,13.597622871398926,16.60166358947754,1071248853
2021-02-23,16.601848602294922,17.271560668945312,11.998250007629395,14.682751655578613,1139293611
2021-02-24,14.73701000213623,15.75225830078125,13.71972942352295,14.717079162597656,601790697
2021-02-25,14.708720207214355,17.07384490966797,14.278674125671387,14.303003311157227,872519036
2021-02-26,14.370044708251953,16.468175888061523,13.158135414123535,15.27988052368164,983782676
2021-02-27,15.297945022583008,17.540300369262695,15.297945022583008,16.244426727294922,807924248
2021-02-28,16.25926971435547,16.319765090942383,13.753374099731445,15.034717559814453,712136118
2021-03-01,15.051033020019531,18.800081253051758,15.014370918273926,18.797578811645508,880392377
2021-03-02,18.809398651123047,20.537242889404297,16.92080307006836,17.916292190551758,1789945589
2021-03-03,17.886474609375,19.09023094177246,17.231935501098633,17.483110427856445,749769216
2021-03-04,17.45995330810547,18.840435028076172,17.026203155517578,17.336515426635742,702265424
2021-03-05,17.32660675048828,17.331146240234375,15.67985725402832,16.675033569335938,528508950
2021-03-06,16.65806007385254,17.019201278686523,15.80866527557373,16.627593994140625,341760213
2021-03-07,16.631376266479492,18.018199920654297,16.356523513793945,17.850955963134766,492549814
2021-03-08,17.880388259887695,18.170856475830078,16.769210815429688,17.24905776977539,469887469
2021-03-09,17.255292892456055,20.095924377441406,17.145877838134766,19.679771423339844,833739027
2021-03-10,19.672889709472656,19.768760681152344,17.72588348388672,17.97428321838379,504016911
2021-03-11,17.95680809020996,19.21184539794922,17.096683502197266,18.602462768554688,613734165
2021-03-12,18.610761642456055,19.55365753173828,18.12603759765625,19.441545486450195,695013629
2021-03-13,19.444955825805664,23.38225555419922,19.036502838134766,22.906633377075195,1348444455
2021-03-14,22.862821578979492,22.997282028198242,20.447608947753906,20.786029815673828,654693135
2021-03-15,20.731050491333008,21.836719512939453,19.61412239074707,19.802776336669922,554656723
2021-03-16,19.807510375976562,20.434345245361328,18.76243019104004,20.198144912719727,468726015
2021-03-17,20.20294189453125,20.34958839416504,19.15799331665039,19.906997680664062,324937486
2021-03-18,19.88992691040039,20.276416778564453,19.591915130615234,19.782617568969727,332577021
2021-03-19,19.763521194458008,20.630996704101562,19.1212158203125,20.34185218811035,343254642
2021-03-20,20.328296661376953,21.0180721282959,19.52090835571289,19.52090835571289,294653610
2021-03-21,19.519508361816406,19.730594635009766,18.46036148071289,18.873218536376953,356496278
2021-03-22,18.87946891784668,19.124616622924805,17.361087799072266,17.41276741027832,353510841
2021-03-23,17.40165138244629,17.8221435546875,16.393028259277344,16.492786407470703,369040860
2021-03-24,16.477970123291016,17.438764572143555,14.648253440856934,15.021149635314941,403504379
2021-03-25,14.999528884887695,15.304082870483398,14.193662643432617,14.881026268005371,490130386
2021-03-26,14.87366771697998,16.904605865478516,14.859757423400879,16.8360652923584,355245353
2021-03-27,16.832500457763672,16.945072174072266,15.87716293334961,16.184911727905273,248576606
2021-03-28,16.180706024169922,16.407474517822266,14.917181015014648,15.267552375793457,282143128
2021-03-29,15.267168045043945,16.050628662109375,15.068615913391113,15.828492164611816,335444038
2021-03-30,15.822131156921387,15.936015129089355,15.30622673034668,15.432110786437988,275108946
2021-03-31,15.432093620300293,15.656205177307129,14.202718734741211,14.670450210571289,432039679
2021-04-01,14.680268287658691,15.224156379699707,14.619441986083984,14.886133193969727,367855254
2021-04-02,14.879366874694824,16.523561477661133,14.664205551147461,16.46523094177246,481446040
2021-04-03,16.461444854736328,16.540264129638672,14.74710464477539,14.876599311828613,431091130
2021-04-04,14.872271537780762,15.566957473754883,14.745888710021973,15.321427345275879,296057578
2021-04-05,15.32030963897705,15.651223182678223,14.804030418395996,15.047568321228027,293887015
2021-04-06,15.061291694641113,15.920005798339844,14.869241714477539,15.366249084472656,354543086
2021-04-07,15.350040435791016,15.493844985961914,13.54404067993164,13.877435684204102,395796127
2021-04-08,13.893241882324219,14.623883247375488,13.789345741271973,14.4190092086792,213806826
2021-04-09,14.420411109924316,15.387955665588379,14.373221397399902,14.556017875671387,286602471
2021-04-10,14.550922393798828,15.159920692443848,14.097442626953125,14.50247859954834,254962735
2021-04-11,14.512561798095703,14.558152198791504,14.025994300842285,14.21216869354248,249981788
2021-04-12,14.216225624084473,16.419858932495117,13.92361831665039,16.066652297973633,904437299
2021-04-13,16.049253463745117,16.451873779296875,15.30431079864502,15.847641944885254,522951499
2021-04-14,15.844538688659668,17.693601608276367,15.678360939025879,17.58303451538086,831395448
2021-04-15,17.544696807861328,18.27851676940918,17.237491607666016,17.614158630371094,547456106
2021-04-16,17.575342178344727,17.58433723449707,15.804387092590332,16.31578254699707,537216959
2021-04-17,16.283193588256836,16.861427307128906,15.5812406539917,16.020265579223633,377777088
2021-04-18,16.018413543701172,16.222206115722656,11.440256118774414,14.037149429321289,1212413901
2021-04-19,14.0250883102417,14.309712409973145,11.886344909667969,12.199387550354004,683757988
2021-04-20,12.148571014404297,12.77182674407959,11.100678443908691,12.706245422363281,532823263
2021-04-21,12.704740524291992,13.486263275146484,11.840428352355957,12.497514724731445,484632160
2021-04-22,12.454397201538086,14.314117431640625,12.053688049316406,12.34947681427002,715212784
2021-04-23,12.327248573303223,12.595272064208984,10.198616981506348,11.816357612609863,694840918
2021-04-24,11.827467918395996,11.827467918395996,10.545482635498047,10.689043045043945,288274181
2021-04-25,10.700868606567383,11.643603324890137,10.347311019897461,10.924309730529785,294685341
2021-04-26,10.960480690002441,12.46398639678955,10.899921417236328,12.165196418762207,385489114
2021-04-27,12.154241561889648,14.437548637390137,11.94973087310791,14.251701354980469,612611084
2021-04-28,14.27668285369873,14.53868293762207,12.953146934509277,14.279097557067871,583061654
2021-04-29,14.308831214904785,14.861021995544434,13.583197593688965,14.037583351135254,509290583
2021-04-30,14.046963691711426,14.672823905944824,13.80734920501709,14.361084938049316,334681524
2021-05-01,14.356496810913086,15.14871883392334,14.26697826385498,14.790046691894531,341466820
2021-05-02,14.770674705505371,14.852388381958008,13.764322280883789,13.899136543273926,367994670
2021-05-03,13.900715827941895,14.857284545898438,13.898831367492676,14.399467468261719,475138351
2021-05-04,14.384815216064453,14.451427459716797,12.620070457458496,12.71133804321289,531784075
2021-05-05,12.679485321044922,14.474642753601074,12.532939910888672,14.371627807617188,438168841
2021-05-06,14.367941856384277,16.941904067993164,13.977577209472656,16.472583770751953,1386411691
2021-05-07,16.513687133789062,17.781452178955078,15.364370346069336,15.828688621520996,1072509567
2021-05-08,15.80534553527832,16.784608840942383,15.481810569763184,16.276771545410156,524205611
2021-05-09,16.31405258178711,16.504871368408203,15.281684875488281,15.519702911376953,476913954
2021-05-10,15.506458282470703,16.681325912475586,12.954232215881348,13.842429161071777,796502889
2021-05-11,13.842434883117676,15.297494888305664,13.392487525939941,15.243399620056152,571278032
2021-05-12,15.252654075622559,18.36165428161621,14.555278778076172,14.555278778076172,1839894748
2021-05-13,14.851295471191406,16.787473678588867,13.870019912719727,14.745390892028809,1120779882
2021-05-14,14.76136302947998,19.006336212158203,14.682828903198242,18.52515983581543,1174058758
2021-05-15,18.561594009399414,18.946168899536133,16.140546798706055,16.178659439086914,1025989098
2021-05-16,16.1741886138916,17.641876220703125,15.011897087097168,16.54637908935547,817137234
2021-05-17,16.56177520751953,18.248262405395508,14.400810241699219,16.1419677734375,1136115206
2021-05-18,16.147968292236328,22.520824432373047,16.082645416259766,21.438846588134766,2121296203
2021-05-19,21.507553100585938,21.9490966796875,10.38264274597168,13.305028915405273,2720807434
2021-05-20,13.161392211914062,17.024494171142578,11.583331108093262,15.204879760742188,1600250946
2021-05-21,15.142404556274414,16.394371032714844,10.398343086242676,12.746949195861816,1214940074
2021-05-22,12.772562026977539,12.861294746398926,10.020966529846191,11.067607879638672,990698358
2021-05-23,11.087384223937988,11.469895362854004,6.3426289558410645,9.02217960357666,1693523089
2021-05-24,9.01775074005127,12.26807975769043,8.96897029876709,11.957594871520996,1236313348
2021-05-25,11.974839210510254,12.641340255737305,9.662062644958496,12.26894474029541,1128111770
2021-05-26,12.259254455566406,13.587980270385742,11.60538387298584,13.449142456054688,995866066
2021-05-27,13.451847076416016,13.451847076416016,11.611515998840332,12.072751998901367,536819669
2021-05-28,12.10755729675293,12.378755569458008,10.043011665344238,10.60910415649414,551503373
2021-05-29,10.60435676574707,11.395913124084473,9.641738891601562,10.051495552062988,392753653
2021-05-30,10.038095474243164,11.13615894317627,9.622697830200195,10.841608047485352,413323325
2021-05-31,10.83323860168457,12.53898811340332,10.093766212463379,12.52599811553955,544074112
2021-06-01,12.476825714111328,12.663985252380371,11.367815017700195,12.05412483215332,374802323
2021-06-02,12.052228927612305,12.964173316955566,11.653736114501953,12.54766845703125,359230283
2021-06-03,12.549805641174316,13.504685401916504,12.268256187438965,13.199371337890625,328577885
2021-06-04,13.230982780456543,13.230982780456543,11.38039493560791,11.83646011352539,346087987
2021-06-05,11.856082916259766,12.573501586914062,11.06861400604248,11.562337875366211,352271034
2021-06-06,11.574987411499023,11.894522666931152,11.34221076965332,11.549153327941895,186161881
2021-06-07,11.547191619873047,11.830293655395508,10.215746879577637,10.246143341064453,278125296
2021-06-08,10.27483081817627,10.518293380737305,9.120694160461426,10.122906684875488,383726046
2021-06-09,10.084933280944824,10.536340713500977,9.502124786376953,10.536340713500977,353472171
2021-06-10,10.548415184020996,10.582219123840332,9.215470314025879,9.400238990783691,252463455
2021-06-11,9.41162109375,9.5518159866333,8.318116188049316,8.561288833618164,224559776
2021-06-12,8.564569473266602,8.564569473266602,7.64900016784668,7.849050998687744,292697581
2021-06-13,7.836625099182129,8.82701587677002,7.755795001983643,8.653580665588379,222533312
2021-06-14,8.632980346679688,9.44254207611084,8.39542007446289,8.696927070617676,216127712
2021-06-15,9.22326946258545,9.644096374511719,8.946844100952148,9.338329315185547,288445634
2021-06-16,9.112936973571777,9.112936973571777,8.25515365600586,8.474940299987793,216351410
2021-06-17,8.477919578552246,9.107044219970703,8.221905708312988,8.460043907165527,195132052
2021-06-18,8.470874786376953,8.482457160949707,7.583882808685303,7.817036151885986,181228070
2021-06-19,7.836651802062988,7.989712238311768,7.483841896057129,7.520470142364502,134628010
2021-06-20,7.490471839904785,8.646526336669922,7.3427839279174805,8.438154220581055,422138787
2021-06-21,8.423789978027344,8.516008377075195,6.611908912658691,6.649785995483398,406896177
2021-06-22,6.640554904937744,7.5294318199157715,6.012173175811768,6.795817852020264,535324860
2021-06-23,6.806324005126953,7.531442165374756,6.526331901550293,7.187820911407471,341418794
2021-06-24,7.05406379699707,7.337161064147949,6.640276908874512,7.048219203948975,180542000
2021-06-25,7.061405181884766,7.200572967529297,6.159893035888672,6.314826011657715,205827722
2021-06-26,6.300965785980225,6.825347900390625,6.070693016052246,6.825347900390625,193295540
2021-06-27,6.832641124725342,7.139700889587402,6.494322776794434,7.110857963562012,168882082
2021-06-28,7.124279975891113,7.762801170349121,7.029256820678711,7.566769123077393,184295794
2021-06-29,7.589993953704834,8.439412117004395,7.562428951263428,7.908463001251221,227360286
2021-06-30,7.936511039733887,8.180419921875,7.2581939697265625,8.150286674499512,228397778
2021-07-01,8.157835960388184,8.157835960388184,7.189061164855957,7.434536933898926,168561755
2021-07-02,7.426652908325195,7.523593902587891,6.982540130615234,7.417395114898682,132187101
2021-07-03,7.418367862701416,7.700416088104248,7.267219066619873,7.61467981338501,100715756
2021-07-04,7.6188459396362305,8.223786354064941,7.375557899475098,7.938859939575195,160570121
2021-07-05,7.934907913208008,8.221023559570312,7.227222919464111,8.077016830444336,220823488
2021-07-06,8.075733184814453,9.51091194152832,8.075733184814453,8.978275299072266,591887530
2021-07-07,8.984960556030273,9.70460033416748,8.760188102722168,8.778944969177246,314733469
2021-07-08,8.786852836608887,8.790336608886719,7.80977201461792,7.921393871307373,232550923
2021-07-09,7.897347927093506,8.550161361694336,7.626844882965088,8.388420104980469,223533128
2021-07-10,8.406868934631348,8.60579776763916,7.86387300491333,7.996417999267578,141343781
2021-07-11,7.990300178527832,8.392998695373535,7.833343029022217,8.144452095031738,151354728
2021-07-12,8.1488037109375,8.276122093200684,7.4553070068359375,7.6603240966796875,145661065
2021-07-13,7.643581867218018,7.670598030090332,6.937167167663574,7.122456073760986,157238877
2021-07-14,7.133894920349121,7.339230060577393,6.743062973022461,7.114451885223389,173369442
2021-07-15,7.126812934875488,7.390054225921631,6.623754024505615,6.68779182434082,200887396
2021-07-16,6.71272087097168,6.881796836853027,6.329096794128418,6.367037773132324,153350541
2021-07-17,6.349635124206543,7.4971418380737305,6.311339855194092,7.486792087554932,399642581
2021-07-18,7.493628978729248,7.931363105773926,7.029527187347412,7.097529888153076,225725833
2021-07-19,7.086781978607178,7.149476051330566,6.47627592086792,6.621362209320068,217645520
2021-07-20,6.645363807678223,6.74298095703125,6.0439839363098145,6.320847988128662,198141457
2021-07-21,6.292727947235107,7.166813850402832,6.143045902252197,7.064917087554932,229732526
2021-07-22,7.079685211181641,8.222185134887695,7.0429768562316895,8.217723846435547,438338829
2021-07-23,8.253055572509766,8.612274169921875,7.669466018676758,8.592537879943848,393466974
2021-07-24,8.590777397155762,8.600226402282715,7.895978927612305,8.06756591796875,243007696
2021-07-25,8.03860855102539,8.328706741333008,7.770956993103027,8.328706741333008,214758588
2021-07-26,8.328069686889648,9.607327461242676,8.261174201965332,8.28860092163086,519137907
2021-07-27,8.286361694335938,8.536446571350098,7.836726188659668,8.188328742980957,357440634
2021-07-28,8.2010498046875,8.503751754760742,8.028762817382812,8.114288330078125,270552301
2021-07-29,8.153580665588379,8.282634735107422,7.983295917510986,8.158960342407227,205674989
2021-07-30,8.177767753601074,8.525135040283203,7.911764144897461,8.484079360961914,240041401
2021-07-31,8.477209091186523,9.00877857208252,8.2166109085083,8.883851051330566,247732619
2021-08-01,8.856477737426758,9.1961030960083,8.36388111114502,8.50441837310791,264957557
2021-08-02,8.492809295654297,8.710600852966309,8.290363311767578,8.359320640563965,167159719
2021-08-03,8.350539207458496,8.457141876220703,7.883519172668457,8.050895690917969,185067120
2021-08-04,8.090093612670898,8.869549751281738,7.958123207092285,8.746051788330078,198213699
2021-08-05,8.757396697998047,9.646859169006348,8.201128959655762,9.623457908630371,358459301
2021-08-06,9.631622314453125,10.110267639160156,9.002015113830566,9.786214828491211,341661678
2021-08-07,9.812337875366211,10.687606811523438,9.724635124206543,10.326122283935547,346261061
2021-08-08,10.349191665649414,10.470640182495117,9.228812217712402,9.389382362365723,251171117
2021-08-09,9.391221046447754,10.138955116271973,9.056112289428711,9.83498477935791,292726505
2021-08-10,9.812121391296387,10.63427734375,9.59512996673584,10.355487823486328,385447151
2021-08-11,10.375326156616211,12.132407188415527,10.362203598022461,11.244948387145996,531597307
2021-08-12,11.22753620147705,12.148296356201172,10.557909965515137,12.10575008392334,495225839
2021-08-13,12.15876293182373,12.588499069213867,11.791696548461914,12.560799598693848,404516989
2021-08-14,12.564818382263184,12.846564292907715,11.853654861450195,12.212671279907227,311280868
2021-08-15,12.212540626525879,12.718162536621094,11.526459693908691,12.61401653289795,325267713
2021-08-16,12.61951732635498,13.40755844116211,11.990029335021973,12.643485069274902,607591190
2021-08-17,12.568169593811035,14.436285972595215,12.17638111114502,12.581308364868164,883385015
2021-08-18,12.584651947021484,13.353891372680664,12.032134056091309,12.608274459838867,593559387
2021-08-19,12.563782691955566,14.225725173950195,12.05057144165039,13.992816925048828,630682524
2021-08-20,14.001861572265625,14.695856094360352,13.556700706481934,14.663202285766602,493262053
2021-08-21,14.675361633300781,14.806575775146484,13.498015403747559,13.675979614257812,449616033
2021-08-22,13.672863960266113,14.036162376403809,13.138392448425293,13.758485794067383,281716297
2021-08-23,13.775459289550781,14.151284217834473,13.580452919006348,13.792943954467773,262712101
2021-08-24,13.804299354553223,13.93886661529541,12.24501895904541,12.316389083862305,375282188
2021-08-25,12.33208179473877,12.627559661865234,11.545565605163574,12.234373092651367,360939244
2021-08-26,12.259593963623047,12.497085571289062,11.256378173828125,11.60483455657959,317953596
2021-08-27,11.62611198425293,12.279099464416504,11.248915672302246,12.211878776550293,317991349
2021-08-28,12.215925216674805,12.2880859375,11.612849235534668,11.779703140258789,204045205
2021-08-29,11.787407875061035,12.050511360168457,11.28565502166748,11.609625816345215,229369743
2021-08-30,11.612194061279297,12.192893028259277,11.018634796142578,11.473718643188477,304521333
2021-08-31,11.513073921203613,12.290264129638672,11.16501235961914,12.08731460571289,404816120
2021-09-01,12.063078880310059,13.914974212646484,11.712385177612305,13.896273612976074,607400434
2021-09-02,13.834060668945312,13.926703453063965,12.915842056274414,13.144393920898438,315175852
2021-09-03,13.120142936706543,13.549800872802734,12.780984878540039,13.057641983032227,292880845
2021-09-04,13.077292442321777,13.319096565246582,12.84132194519043,13.111411094665527,220107805
2021-09-05,13.09520435333252,14.280074119567871,12.98977279663086,14.27033805847168,437680260
2021-09-06,14.275724411010742,14.292885780334473,13.307104110717773,13.613262176513672,286052346
2021-09-07,13.61654281616211,13.765189170837402,9.394810676574707,10.867143630981445,712173220
2021-09-08,10.868322372436523,11.632492065429688,10.103680610656738,11.296086311340332,414042468
2021-09-09,11.172102928161621,11.914461135864258,10.961896896362305,11.008451461791992,362982012
2021-09-10,11.00161075592041,11.38757038116455,9.813982009887695,10.124906539916992,271406017
2021-09-11,10.131404876708984,10.873774528503418,10.082598686218262,10.582096099853516,180019681
2021-09-12,10.579298973083496,11.919568061828613,10.359538078308105,11.824880599975586,349459851
2021-09-13,11.882728576660156,12.041597366333008,10.078405380249023,11.07474136352539,450965902
2021-09-14,11.078347206115723,13.174638748168945,11.001949310302734,13.174638748168945,549968381
2021-09-15,13.189310073852539,15.521825790405273,12.640780448913574,15.182012557983398,925249276
2021-09-16,15.177736282348633,16.104459762573242,14.379538536071777,14.955459594726562,1152537286
2021-09-17,14.918854713439941,15.234916687011719,12.339276313781738,12.507878303527832,1227961560
2021-09-18,12.503214836120605,13.281064987182617,12.114809036254883,12.69441032409668,641229772
2021-09-19,12.682509422302246,12.711539268493652,11.819809913635254,12.021020889282227,341440629
2021-09-20,12.04703140258789,12.064705848693848,9.975886344909668,10.220154762268066,533985516
2021-09-21,10.310123443603516,10.867354393005371,9.002866744995117,9.223273277282715,452056053
2021-09-22,9.210161209106445,10.59396743774414,9.079702377319336,10.503580093383789,368069833
2021-09-23,10.515612602233887,10.816383361816406,10.137436866760254,10.61999797821045,357614322
2021-09-24,10.641219139099121,10.644182205200195,8.958911895751953,9.677311897277832,406932678
2021-09-25,9.689751625061035,9.819863319396973,9.08425521850586,9.514881134033203,278381328
2021-09-26,9.521409034729004,11.56840705871582,8.52526569366455,11.405241012573242,1031003124
2021-09-27,11.439164161682129,11.941126823425293,9.979352951049805,10.009037017822266,624888794
2021-09-28,10.014970779418945,10.405243873596191,9.638989448547363,9.671743392944336,504069194
2021-09-29,9.694192886352539,10.081504821777344,9.238155364990234,9.512317657470703,364255199
2021-09-30,9.51562786102295,10.166997909545898,9.457846641540527,10.139615058898926,321189593
2021-10-01,10.151939392089844,10.964584350585938,10.063076972961426,10.826912879943848,330743698
2021-10-02,10.822874069213867,11.300065994262695,10.510374069213867,10.909473419189453,229732473
2021-10-03,10.903955459594727,11.181588172912598,10.669807434082031,10.816259384155273,188564450
2021-10-04,10.823023796081543,10.823023796081543,10.082991600036621,10.359911918640137,232183862
2021-10-05,10.355897903442383,10.801874160766602,10.290327072143555,10.789456367492676,246359983
2021-10-06,10.849761009216309,10.975056648254395,9.90400218963623,10.543194770812988,348552733
2021-10-07,10.534126281738281,11.09295654296875,10.245226860046387,10.765813827514648,272380346
2021-10-08,10.780548095703125,11.50121021270752,10.666851043701172,10.744705200195312,277538159
2021-10-09,10.711348533630371,10.968560218811035,10.581975936889648,10.909198760986328,127624732
2021-10-10,10.948461532592773,11.113520622253418,10.206374168395996,10.277252197265625,186203669
2021-10-11,10.26491641998291,10.847975730895996,10.011509895324707,10.350174903869629,209582095
2021-10-12,10.345335960388184,10.345335960388184,9.667859077453613,10.051956176757812,202315587
2021-10-13,10.044486045837402,10.633541107177734,9.755569458007812,10.352361679077148,353945890
2021-10-14,10.278977394104004,10.817194938659668,10.105222702026367,10.717194557189941,268899271
2021-10-15,10.758106231689453,11.326236724853516,10.402608871459961,11.056840896606445,313332249
2021-10-16,11.0782470703125,11.8682861328125,10.88640308380127,11.383705139160156,350001027
2021-10-17,11.386240005493164,11.783623695373535,10.731014251708984,11.170611381530762,252174618
2021-10-18,11.13737678527832,11.326168060302734,10.70740795135498,10.793227195739746,165471300
2021-10-19,10.807426452636719,11.027017593383789,10.510462760925293,10.72610855102539,174937875
2021-10-20,10.718412399291992,11.580636024475098,10.484086990356445,11.512282371520996,256247215
2021-10-21,11.529824256896973,11.711687088012695,10.807206153869629,10.895729064941406,288331475
2021-10-22,10.89571475982666,11.349669456481934,10.61223316192627,10.683549880981445,184859452
2021-10-23,10.683653831481934,11.040621757507324,10.530664443969727,11.009556770324707,173490096
2021-10-24,10.998481750488281,11.141711235046387,10.234728813171387,10.542661666870117,228271331
2021-10-25,10.537148475646973,10.770416259765625,10.48598861694336,10.758832931518555,161845397
2021-10-26,10.756148338317871,12.142793655395508,10.743058204650879,11.370118141174316,543822603
2021-10-27,11.370826721191406,12.203551292419434,10.153531074523926,10.153531074523926,491965849
2021-10-28,10.143646240234375,11.017948150634766,10.124594688415527,10.982619285583496,316636859
2021-10-29,10.981212615966797,11.768348693847656,10.898634910583496,11.426837921142578,271263966
2021-10-30,11.428873062133789,11.460846900939941,10.840885162353516,11.07793140411377,166167832
2021-10-31,11.089455604553223,11.277624130249023,10.599129676818848,10.844766616821289,220381696
2021-11-01,10.848245620727539,13.101192474365234,10.56488037109375,12.759526252746582,796807204
2021-11-02,12.769014358520508,12.800435066223145,12.084763526916504,12.112858772277832,341949019
2021-11-03,12.117244720458984,13.43404483795166,11.897538185119629,13.43404483795166,532727542
2021-11-04,13.431639671325684,13.431639671325684,12.086372375488281,12.982298851013184,381151687
2021-11-05,12.977503776550293,13.213790893554688,12.151802062988281,12.180068016052246,230664694
2021-11-06,12.146106719970703,12.221715927124023,11.34739875793457,11.836989402770996,265680389
2021-11-07,11.860162734985352,12.274169921875,11.565978050231934,12.094512939453125,225409218
2021-11-08,12.1054048538208,12.322845458984375,11.963399887084961,12.314434051513672,196045688
2021-11-09,12.309171676635742,12.444160461425781,11.971736907958984,11.973020553588867,236425402
2021-11-10,11.964956283569336,12.254202842712402,10.59819507598877,11.11105728149414,415230335
2021-11-11,11.117207527160645,11.407898902893066,10.939474105834961,11.189000129699707,183813749
2021-11-12,11.151632308959961,11.388269424438477,10.566665649414062,10.96634292602539,182675037
2021-11-13,10.98001766204834,11.218326568603516,10.70055866241455,11.201628684997559,134228593
2021-11-14,11.19088077545166,11.29831314086914,10.78260326385498,11.049034118652344,104976722
2021-11-15,11.05370807647705,11.20891284942627,10.330018997192383,10.330018997192383,186149771
2021-11-16,10.357064247131348,10.357064247131348,9.184629440307617,9.671527862548828,316065451
2021-11-17,9.665477752685547,10.089604377746582,9.591900825500488,9.740130424499512,207763843
2021-11-18,9.742088317871094,10.140308380126953,8.635842323303223,8.794918060302734,372536056
2021-11-19,8.786624908447266,9.335163116455078,8.651301383972168,9.020269393920898,214342167
2021-11-20,9.010068893432617,9.233713150024414,8.709258079528809,9.042113304138184,196203211
2021-11-21,9.04761791229248,9.163000106811523,8.692787170410156,8.756037712097168,201094150
2021-11-22,8.758063316345215,8.762903213500977,8.135093688964844,8.224489212036133,257868537
2021-11-23,8.23445987701416,8.648493766784668,8.154824256896973,8.365616798400879,224612082
2021-11-24,8.368715286254883,8.476555824279785,7.833454132080078,8.19081974029541,226800851
2021-11-25,7.963212013244629,8.385767936706543,7.671853065490723,8.044881820678711,205625074
2021-11-26,8.192992210388184,8.421751022338867,6.879281044006348,6.995212078094482,436068986
2021-11-27,7.018877983093262,7.3387041091918945,6.964808940887451,7.059199810028076,167050343
2021-11-28,7.0642571449279785,8.035000801086426,6.680458068847656,7.923756122589111,412731499
2021-11-29,7.94253396987915,8.150995254516602,7.456783771514893,7.477692127227783,333615663
2021-11-30,7.469119071960449,8.017959594726562,7.221057891845703,8.011110305786133,295011271
2021-12-01,8.021777153015137,8.188090324401855,7.52204704284668,7.561188220977783,245008014
2021-12-02,7.556293964385986,7.604816913604736,7.202844142913818,7.370133876800537,200938252
2021-12-03,7.3765740394592285,7.4822797775268555,6.631768226623535,6.833408832550049,194371371
2021-12-04,6.85561990737915,6.875301837921143,4.406209945678711,5.832496166229248,556925536
2021-12-05,5.826484203338623,5.9750800132751465,5.089587211608887,5.281946182250977,217812026
2021-12-06,5.280961036682129,6.454535961151123,4.813302993774414,6.297181129455566,470317590
2021-12-07,6.321226119995117,6.424205780029297,5.793854236602783,5.875823974609375,308354506
2021-12-08,5.87306022644043,6.8818440437316895,5.642801761627197,6.603957176208496,455508781
2021-12-09,6.600812911987305,6.618348121643066,5.423894882202148,5.5196380615234375,267868450
2021-12-10,5.5187177658081055,5.688660144805908,5.071654796600342,5.094106197357178,216872552
2021-12-11,5.100138187408447,5.77332878112793,5.033870220184326,5.729331970214844,266785361
2021-12-12,5.721957206726074,5.726461887359619,5.350502967834473,5.582426071166992,130295896
2021-12-13,5.587953090667725,6.311229228973389,5.282066822052002,5.632768154144287,764048552
2021-12-14,5.639735221862793,5.893312931060791,5.377504825592041,5.734066009521484,398523294
2021-12-15,5.740188121795654,6.093307018280029,5.623717784881592,5.934909820556641,350697723
2021-12-16,5.951206207275391,6.197053909301758,5.653244972229004,5.69169807434082,223882649
2021-12-17,5.694663047790527,5.833011150360107,5.362567901611328,5.519614219665527,202266529
2021-12-18,5.520616054534912,5.861649036407471,5.454452991485596,5.6038970947265625,236728843
2021-12-19,5.605160236358643,5.634096145629883,5.31346321105957,5.3251051902771,162275398
2021-12-20,5.326416969299316,5.526943206787109,5.0872578620910645,5.451131820678711,154476196
2021-12-21,5.449621200561523,5.845859050750732,5.338280200958252,5.845859050750732,202470540
2021-12-22,5.833125114440918,6.507236957550049,5.620595932006836,6.371463775634766,359950917
2021-12-23,6.373857021331787,7.48170280456543,6.227668762207031,7.273238182067871,705402417
2021-12-24,7.306106090545654,7.991306781768799,7.07993221282959,7.952589988708496,630348224
2021-12-25,7.965887069702148,8.112832069396973,7.233938217163086,7.5845770835876465,397633677
2021-12-26,7.609222888946533,7.967441082000732,7.164934158325195,7.931096076965332,367212201
2021-12-27,7.929011821746826,9.536287307739258,7.622043132781982,9.150152206420898,779613528
2021-12-28,9.139511108398438,9.74206256866455,8.441563606262207,9.055363655090332,1284650654
2021-12-29,9.06596565246582,9.924872398376465,8.802785873413086,9.194998741149902,872913937
2021-12-30,9.251193046569824,10.609813690185547,8.789050102233887,10.250205039978027,862802199
2021-12-31,10.255728721618652,10.365019798278809,9.378416061401367,9.446624755859375,589169051
2022-01-01,9.447378158569336,9.480890274047852,9.075261116027832,9.132406234741211,343571002
2022-01-02,9.13101863861084,9.347909927368164,8.85369873046875,8.964705467224121,324862232
2022-01-03,8.96474838256836,9.429231643676758,8.473267555236816,8.509931564331055,413857519
2022-01-04,8.510234832763672,8.743559837341309,8.015726089477539,8.061358451843262,588033031
2022-01-05,8.062332153320312,8.999578475952148,7.3838348388671875,7.68069314956665,673650073
2022-01-06,7.679697036743164,7.814055919647217,7.159843921661377,7.461421966552734,373166518
2022-01-07,7.458796977996826,7.463158130645752,6.510118007659912,7.155685901641846,537465203
2022-01-08,7.155561923980713,7.264513969421387,6.338697910308838,6.5888190269470215,304228329
2022-01-09,6.588625907897949,7.178269863128662,6.5485382080078125,6.929728031158447,271479928
2022-01-10,6.93009090423584,7.152101039886475,6.299267768859863,6.583754062652588,331494497
2022-01-11,6.582324981689453,7.080267906188965,6.50455379486084,6.9700398445129395,255562213
2022-01-12,6.9715471267700195,7.270671844482422,6.966172218322754,7.118597030639648,323977401
2022-01-13,7.117843151092529,7.529098987579346,6.885898113250732,7.031745910644531,389249718
2022-01-14,7.03217887878418,7.330846786499023,6.760800838470459,7.02254581451416,269879217
2022-01-15,7.023237228393555,7.200562953948975,6.998398780822754,7.036098003387451,158317317
2022-01-16,7.035338878631592,7.076488018035889,6.8711838722229,6.9603118896484375,151458033
2022-01-17,6.960665225982666,6.972832202911377,6.3425750732421875,6.4416890144348145,202283009
2022-01-18,6.442004203796387,6.559030055999756,6.038672924041748,6.2196431159973145,179536453
2022-01-19,6.2194390296936035,6.23820686340332,5.926301002502441,6.043818950653076,199460575
2022-01-20,6.044209003448486,6.579782009124756,5.798595905303955,5.798923015594482,181286290
2022-01-21,5.80086088180542,5.9079718589782715,4.849248886108398,4.921435832977295,364230200
2022-01-22,4.925419807434082,5.076393127441406,4.075541973114014,4.388926982879639,410046923
2022-01-23,4.3920087814331055,4.749192237854004,4.325511932373047,4.654755115509033,248026087
2022-01-24,4.654941082000732,4.654941082000732,3.8250460624694824,4.398128032684326,307660173
2022-01-25,4.398500919342041,4.64053201675415,4.2856669425964355,4.5452141761779785,193797353
2022-01-26,4.5442352294921875,4.754481792449951,4.132388114929199,4.2655839920043945,314795776
2022-01-27,4.263782978057861,4.283716201782227,3.8696229457855225,4.057493209838867,234818929
2022-01-28,4.0556721687316895,4.197565078735352,3.948662042617798,4.166170120239258,174346803
2022-01-29,4.1659932136535645,4.306835174560547,4.126018047332764,4.173933029174805,143527220
2022-01-30,4.176908016204834,4.318708896636963,4.015783786773682,4.092739105224609,128239077
2022-01-31,4.092801094055176,4.297920227050781,3.8877270221710205,4.231651782989502,154487715
2022-02-01,4.231263160705566,4.475954055786133,4.2086591720581055,4.345259189605713,159485790
2022-02-02,4.345718860626221,4.4344868659973145,4.064884185791016,4.089270114898682,151289428
2022-02-03,4.088325023651123,4.124740123748779,3.9507811069488525,4.0605950355529785,105118744
2022-02-04,4.061305046081543,4.446852207183838,4.043200969696045,4.444410800933838,154139354
2022-02-05,4.44553279876709,4.887663841247559,4.433497905731201,4.6883111000061035,244655914
2022-02-06,4.688110828399658,4.794743061065674,4.510775089263916,4.794743061065674,142039842
2022-02-07,4.7939300537109375,4.957021236419678,4.6906280517578125,4.945141792297363,221842760
2022-02-08,4.9464569091796875,5.070301055908203,4.531818866729736,4.657226085662842,242657301
2022-02-09,4.655628204345703,4.7829389572143555,4.566253185272217,4.7535271644592285,144202491
2022-02-10,4.754180908203125,4.8273701667785645,4.400829792022705,4.41473388671875,217960372
2022-02-11,4.414693832397461,4.504176139831543,4.06403112411499,4.093140125274658,175448127
2022-02-12,4.093203067779541,4.2639241218566895,4.039039134979248,4.15078592300415,125076149
2022-02-13,4.150108814239502,4.241995811462402,3.9978621006011963,4.052000045776367,91747904
2022-02-14,4.04918909072876,4.119164943695068,3.949009895324707,4.070590972900391,116064506
2022-02-15,4.070226192474365,4.426150798797607,4.067936897277832,4.419671058654785,120268226
2022-02-16,4.420419216156006,4.424147129058838,4.201763153076172,4.311992168426514,127404744
2022-02-17,4.310049057006836,4.327424049377441,3.9110350608825684,3.939440965652466,146510381
2022-02-18,3.9416439533233643,4.089286804199219,3.8450629711151123,3.8980319499969482,123594215
2022-02-19,3.8979110717773438,3.9487171173095703,3.765446901321411,3.867021083831787,89291680
2022-02-20,3.8662850856781006,3.8662850856781006,3.567754030227661,3.638159990310669,122818375
2022-02-21,3.63700008392334,3.7801458835601807,3.278183937072754,3.2800910472869873,183726583
2022-02-22,3.278536081314087,3.397084951400757,3.159153938293457,3.3946239948272705,144341785
2022-02-23,3.3954949378967285,3.549639940261841,3.297450065612793,3.297450065612793,112132342
2022-02-24,3.295504093170166,3.295504093170166,2.7738149166107178,3.1357779502868652,270331239
2022-02-25,3.13627290725708,3.3407180309295654,3.098926067352295,3.300640106201172,157731802
2022-02-26,3.300797939300537,3.4043729305267334,3.2214620113372803,3.2467329502105713,121533923
2022-02-27,3.246541976928711,3.428807020187378,3.0884430408477783,3.1253130435943604,200332002
2022-02-28,3.1246070861816406,3.502984046936035,3.102781057357788,3.502984046936035,166580297
2022-03-01,3.5053870677948,3.606308937072754,3.4161479473114014,3.4668309688568115,193681329
2022-03-02,3.4669768810272217,3.6073191165924072,3.381290912628174,3.4039340019226074,208484995
2022-03-03,3.4042210578918457,3.4222960472106934,3.2411088943481445,3.3078250885009766,129100128
2022-03-04,3.308176040649414,3.3110580444335938,3.0169260501861572,3.0346689224243164,127952886
2022-03-05,3.036241054534912,3.1300480365753174,2.9707369804382324,3.1024980545043945,94438170
2022-03-06,3.1029160022735596,3.131225109100342,2.9049320220947266,2.9049320220947266,128371320
2022-03-07,2.905611038208008,3.0155980587005615,2.790966033935547,2.886136054992676,154143759
2022-03-08,2.885611057281494,3.079066038131714,2.8340559005737305,2.8923110961914062,180525761
2022-03-09,2.8929309844970703,3.213886022567749,2.8929309844970703,3.1762049198150635,170224095
2022-03-10,3.176809072494507,3.1825830936431885,2.889327049255371,2.9828948974609375,147665444
2022-03-11,2.9829890727996826,2.995162010192871,2.868691921234131,2.8994100093841553,110594418
2022-03-12,2.8993709087371826,2.980966091156006,2.8991589546203613,2.9150888919830322,72847310
2022-03-13,2.9141340255737305,2.9571619033813477,2.7679638862609863,2.7941319942474365,76675592
2022-03-14,2.794034004211426,2.8925459384918213,2.7743310928344727,2.8874928951263428,114559412
2022-03-15,2.887531042098999,2.932594060897827,2.774043083190918,2.9286789894104004,104134028
2022-03-16,2.928628921508789,3.1516571044921875,2.896444082260132,3.111483097076416,163411368
2022-03-17,3.110901117324829,3.242547035217285,3.1008200645446777,3.165724039077759,158794632
2022-03-18,3.1657040119171143,3.3454580307006836,3.0843019485473633,3.3053629398345947,161507934
2022-03-19,3.305389881134033,3.426724910736084,3.2792251110076904,3.3464150428771973,153168906
2022-03-20,3.346759080886841,3.492487907409668,3.172348976135254,3.2319788932800293,184298847
2022-03-21,3.231971025466919,3.380992889404297,3.1838769912719727,3.3039379119873047,158146087
2022-03-22,3.303961992263794,3.5457708835601807,3.2937710285186768,3.449537992477417,182690212
2022-03-23,3.449899911880493,3.684812068939209,3.4457430839538574,3.6848020553588867,218464570
2022-03-24,3.6824119091033936,3.706860065460205,3.5577750205993652,3.656243085861206,186929787
2022-03-25,3.657089948654175,3.7813730239868164,3.528249979019165,3.616352081298828,231540812
2022-03-26,3.6162359714508057,3.687591075897217,3.541654109954834,3.6295669078826904,115668554
2022-03-27,3.629976987838745,3.9853389263153076,3.5518269538879395,3.9846620559692383,241344531
2022-03-28,3.9847850799560547,4.143363952636719,3.786745071411133,3.8077259063720703,392357807
2022-03-29,3.805109977722168,4.241486072540283,3.805109977722168,4.218742847442627,402737851
2022-03-30,4.217063903808594,4.488335132598877,4.048375129699707,4.454815864562988,404336268
2022-03-31,4.456700801849365,4.984353065490723,4.35880184173584,4.394227981567383,642993358
2022-04-01,4.396797180175781,4.748444080352783,4.192097187042236,4.504839897155762,399874029
2022-04-02,4.505671977996826,4.777521133422852,4.353218078613281,4.355496883392334,334515549
2022-04-03,4.3541669845581055,4.508625030517578,4.302074909210205,4.446195125579834,206146606
2022-04-04,4.445784091949463,4.4620041847229,4.120738983154297,4.309390068054199,213862718
2022-04-05,4.311320781707764,4.404912948608398,4.095633029937744,4.095897197723389,153129129
2022-04-06,4.09461784362793,4.09461784362793,3.5665369033813477,3.5673680305480957,257020475
2022-04-07,3.5687220096588135,3.685882091522217,3.501560926437378,3.6427080631256104,123702278
2022-04-08,3.6426920890808105,3.6646010875701904,3.373439073562622,3.3856070041656494,139956797
2022-04-09,3.384922981262207,3.5644659996032715,3.384922981262207,3.563054084777832,91262503
2022-04-10,3.563040018081665,3.6168949604034424,3.4117751121520996,3.4117751121520996,86574861
2022-04-11,3.4113810062408447,3.420567035675049,3.090341091156006,3.104794979095459,155634839
2022-04-12,3.105492115020752,3.278546094894409,3.1042869091033936,3.2205259799957275,117823362
2022-04-13,3.2202789783477783,3.332042932510376,3.1807239055633545,3.3316259384155273,105333112
2022-04-14,3.3312408924102783,3.501776933670044,3.19144606590271,3.2211530208587646,147445549
2022-04-15,3.221008062362671,3.3452539443969727,3.218308925628662,3.293566942214966,93606925
2022-04-16,3.2930479049682617,3.3559389114379883,3.251365900039673,3.3351950645446777,71821081
2022-04-17,3.3349928855895996,3.3862578868865967,3.183850049972534,3.20072603225708,131228251
2022-04-18,3.201730966567993,3.3017029762268066,3.070797920227051,3.291213035583496,184036212
2022-04-19,3.29134202003479,3.368393898010254,3.2490360736846924,3.3608970642089844,146459448
2022-04-20,3.360917091369629,3.6688120365142822,3.2568039894104004,3.5223639011383057,306813031
2022-04-21,3.5219509601593018,3.6536290645599365,3.4075229167938232,3.4493229389190674,377480171
2022-04-22,3.4487850666046143,3.67107892036438,3.4366180896759033,3.532351016998291,387024312
2022-04-23,3.532460927963257,3.5363540649414062,3.3863539695739746,3.4194860458374023,155960253
2022-04-24,3.4192230701446533,3.5554840564727783,3.363708019256592,3.367449998855591,165300571
2022-04-25,3.368088960647583,3.375300884246826,3.1065640449523926,3.2847039699554443,178736212
2022-04-26,3.2837369441986084,3.304210901260376,2.891145944595337,2.9067509174346924,173151387
2022-04-27,2.9070169925689697,3.0173048973083496,2.9050650596618652,2.999535083770752,150261229
2022-04-28,2.9993090629577637,3.040900945663452,2.9347610473632812,2.9859659671783447,141781615
2022-04-29,2.9857990741729736,3.006688117980957,2.675405979156494,2.6972239017486572,166804759
2022-04-30,2.698051929473877,2.7471630573272705,2.292517900466919,2.322577953338623,187457544
2022-05-01,2.319638967514038,2.44948410987854,2.284022092819214,2.3930211067199707,162497404
2022-05-02,2.392474889755249,2.431278944015503,2.2772789001464844,2.3602139949798584,128540711
2022-05-03,2.360481023788452,2.4506149291992188,2.309112071990967,2.325824022293091,123071744
2022-05-04,2.325921058654785,2.6253859996795654,2.323651075363159,2.619960069656372,167959756
2022-05-05,2.619033098220825,2.629193067550659,2.221635103225708,2.275080919265747,185369242
2022-05-06,2.2753539085388184,2.317054033279419,2.1857500076293945,2.2474029064178467,140206812
2022-05-07,2.247499942779541,2.252854108810425,2.0944020748138428,2.1441760063171387,95933259
2022-05-08,2.14394211769104,2.176464080810547,2.070780038833618,2.1096229553222656,110337578
2022-05-09,2.109337091445923,2.149238109588623,1.7665820121765137,1.7665820121765137,267289811
2022-05-10,1.763651967048645,1.9857770204544067,1.6987539529800415,1.7897160053253174,361099863
2022-05-11,1.7892290353775024,1.8385159969329834,1.251207947731018,1.3294509649276733,460645789
2022-05-12,1.3290339708328247,1.3941750526428223,1.093714952468872,1.161538004875183,268669745
2022-05-13,1.1591509580612183,1.6329289674758911,1.1205430030822754,1.4342050552368164,244033133
2022-05-14,1.4292830228805542,1.4292830228805542,1.1788619756698608,1.3184189796447754,168872338
2022-05-15,1.3183759450912476,1.3997119665145874,1.270251989364624,1.3934249877929688,115736518
2022-05-16,1.3935879468917847,1.394534945487976,1.2432290315628052,1.2641570568084717,113325901
2022-05-17,1.264436960220337,1.454023003578186,1.264436960220337,1.4347410202026367,140348900
2022-05-18,1.4346890449523926,1.4792900085449219,1.2610909938812256,1.2610909938812256,115660874
2022-05-19,1.2610000371932983,1.3683489561080933,1.2144529819488525,1.3620229959487915,117080723
2022-05-20,1.360610008239746,1.3849339485168457,1.2600549459457397,1.2984800338745117,95128649
2022-05-21,1.298190951347351,1.4651789665222168,1.2791839838027954,1.4509910345077515,92080797
2022-05-22,1.4506399631500244,1.5049020051956177,1.4138989448547363,1.4562510251998901,101395061
2022-05-23,1.4554020166397095,1.68960702419281,1.447829008102417,1.5339330434799194,224161674
2022-05-24,1.5343209505081177,1.6806459426879883,1.5191190242767334,1.6651010513305664,186338466
2022-05-25,1.665405035018921,1.7506129741668701,1.6022469997406006,1.6511839628219604,183003185
2022-05-26,1.6515090465545654,1.7046560049057007,1.4394910335540771,1.4806489944458008,159411622
2022-05-27,1.480051040649414,1.5377260446548462,1.3955910205841064,1.416152000427246,148334996
2022-05-28,1.4505120515823364,1.5327279567718506,1.4161189794540405,1.526494026184082,94889121
2022-05-29,1.5264079570770264,1.543274998664856,1.4610990285873413,1.4931600093841553,85129920
2022-05-30,1.493101954460144,1.7023329734802246,1.486562967300415,1.6876250505447388,124456939
2022-05-31,1.6877470016479492,1.8895560503005981,1.623926043510437,1.8775429725646973,233703682
2022-06-01,1.877426028251648,1.877426028251648,1.6089489459991455,1.6326080560684204,184138050
2022-06-02,1.631706953048706,1.6942750215530396,1.5837119817733765,1.6840640306472778,128908999
2022-06-03,1.6843279600143433,1.6849230527877808,1.5358550548553467,1.5468660593032837,94568844
2022-06-04,1.5469330549240112,1.5854840278625488,1.5146210193634033,1.5765589475631714,92868836
2022-06-05,1.576686978340149,1.5985850095748901,1.519495964050293,1.5493940114974976,75772356
2022-06-06,1.5496000051498413,1.6869289875030518,1.5462559461593628,1.614137053489685,106352372
2022-06-07,1.6141530275344849,1.6141530275344849,1.4811509847640991,1.5551049709320068,109582197
2022-06-08,1.5550899505615234,1.5716450214385986,1.4814139604568481,1.4974030256271362,74544878
2022-06-09,1.4974830150604248,1.5363789796829224,1.4626480340957642,1.4860199689865112,135317520
2022-06-10,1.4858529567718506,1.4999979734420776,1.3618930578231812,1.3749339580535889,81214358
2022-06-11,1.3750760555267334,1.4019039869308472,1.170997977256775,1.1857199668884277,102026956
2022-06-12,1.185778021812439,1.219660997390747,1.1065319776535034,1.1382700204849243,116684919
2022-06-13,1.137516975402832,1.1388969421386719,0.9107810258865356,0.9649800062179565,161707436
2022-06-14,0.9653249979019165,1.0230580568313599,0.8934980034828186,1.0073659420013428,128797975
2022-06-15,1.0072150230407715,1.1183769702911377,0.8815810084342957,1.1084150075912476,111802085
2022-06-16,1.1089210510253906,1.127079963684082,0.9335299730300903,0.9524589776992798,69669304
2022-06-17,0.9527760148048401,1.030750036239624,0.9449030160903931,1.0195820331573486,62766047
2022-06-18,1.0195399522781372,1.0504770278930664,0.8678849935531616,0.9292110204696655,91298494
2022-06-19,0.9290260076522827,1.0354050397872925,0.8933060169219971,1.0354050397872925,86025552
2022-06-20,1.036072015762329,1.1732640266418457,1.0056209564208984,1.1097429990768433,112346698
2022-06-21,1.1094080209732056,1.2764519453048706,1.0846470594406128,1.236946940422058,112937647
2022-06-22,1.237146019935608,1.3114089965820312,1.1417700052261353,1.1890039443969727,109889940
2022-06-23,1.1890430450439453,1.2864199876785278,1.1813950538635254,1.25307297706604,78207576
2022-06-24,1.2526259422302246,1.3255620002746582,1.2334790229797363,1.2872389554977417,80208350
2022-06-25,1.2865610122680664,1.3096790313720703,1.2034410238265991,1.24898099899292,64950394
2022-06-26,1.2493740320205688,1.2778140306472778,1.1445029973983765,1.1473489999771118,60799035
2022-06-27,1.1472480297088623,1.2107470035552979,1.133694052696228,1.1474449634552002,47672595
2022-06-28,1.1471450328826904,1.1846109628677368,1.0830039978027344,1.085898995399475,49688883
2022-06-29,1.085474967956543,1.1118069887161255,1.0365899801254272,1.048807978630066,52922863
2022-06-30,1.0491000413894653,1.0558420419692993,0.9342470169067383,0.9870070219039917,62452258
2022-07-01,0.987841010093689,1.023277997970581,0.9544010162353516,0.9650610089302063,66036536
2022-07-02,0.9673579931259155,0.9931780099868774,0.949599027633667,0.9793509840965271,53832928
2022-07-03,0.9793840050697327,1.033126950263977,0.9459969997406006,1.0160549879074097,57117059
2022-07-04,1.0160620212554932,1.0946309566497803,0.9909719824790955,1.094143033027649,69061014
2022-07-05,1.093332052230835,1.1222879886627197,1.0244029760360718,1.0876820087432861,64623359
2022-07-06,1.0878770351409912,1.157183051109314,1.079712986946106,1.1467119455337524,67524076
2022-07-07,1.1468889713287354,1.2071620225906372,1.141806960105896,1.1842910051345825,65490952
2022-07-08,1.1840770244598389,1.2239320278167725,1.1413309574127197,1.1615979671478271,62677701
2022-07-09,1.1617380380630493,1.252586007118225,1.1582950353622437,1.242372989654541,63922911
2022-07-10,1.2420469522476196,1.31289803981781,1.2126330137252808,1.308514952659607,122149057
2022-07-11,1.3092000484466553,1.3166199922561646,1.1369279623031616,1.14375901222229,104779148
2022-07-12,1.1443079710006714,1.1713629961013794,1.109009027481079,1.124101996421814,64456852
2022-07-13,1.1238960027694702,1.238656997680664,1.1130080223083496,1.2364540100097656,75431684
2022-07-14,1.2363810539245605,1.3991010189056396,1.2089999914169312,1.390805959701538,89904662
2022-07-15,1.3906749486923218,1.4329110383987427,1.3604099750518799,1.4059970378875732,94996074
2022-07-16,1.4055579900741577,1.4577109813690186,1.3472750186920166,1.453505039215088,88600197
2022-07-17,1.453847050666809,1.476241946220398,1.3553999662399292,1.401729941368103,70980417
2022-07-18,1.401852011680603,1.572119951248169,1.4014110565185547,1.508417010307312,101308321
2022-07-19,1.5076930522918701,1.516476035118103,1.4001400470733643,1.4181410074234009,123457435
2022-07-20,1.4181820154190063,1.4643770456314087,1.3166810274124146,1.3249859809875488,112358718
2022-07-21,1.325039029121399,1.4317699670791626,1.2841559648513794,1.4176219701766968,116335869
2022-07-22,1.4175280332565308,1.4513399600982666,1.3159879446029663,1.330698013305664,85005339
2022-07-23,1.3299939632415771,1.3829669952392578,1.2930469512939453,1.345018982887268,66044071
2022-07-24,1.3450579643249512,1.385254979133606,1.326112985610962,1.354936957359314,64939342
2022-07-25,1.3548150062561035,1.4352869987487793,1.2693120241165161,1.3663040399551392,117171094
2022-07-26,1.3678460121154785,1.3680440187454224,1.2211929559707642,1.2748039960861206,102691396
2022-07-27,1.2749559879302979,1.3862260580062866,1.25444495677948,1.3852930068969727,89780788
2022-07-28,1.3851380348205566,1.6573430299758911,1.359226942062378,1.572864055633545,190871373
2022-07-29,1.5729199647903442,1.5844899415969849,1.4569590091705322,1.4978400468826294,122329267
2022-07-30,1.4985640048980713,1.5764009952545166,1.4649490118026733,1.4891279935836792,113525841
2022-07-31,1.489056944847107,1.574705958366394,1.4275310039520264,1.4468779563903809,90349205
2022-08-01,1.4465609788894653,1.491974949836731,1.3973790407180786,1.4254260063171387,54679865
2022-08-02,1.42534601688385,1.437296986579895,1.3334380388259888,1.3651080131530762,71096717
2022-08-03,1.3646860122680664,1.4949779510498047,1.3221839666366577,1.43013596534729,81792229
2022-08-04,1.4301409721374512,1.51847505569458,1.4199429750442505,1.4639270305633545,87374849
2022-08-05,1.4635809659957886,1.5383139848709106,1.460340976715088,1.514639973640442,77735360
2022-08-06,1.5146199464797974,1.5568859577178955,1.4976179599761963,1.504675030708313,48403150
2022-08-07,1.5047789812088013,1.5361069440841675,1.4802939891815186,1.5040329694747925,36254672
2022-08-08,1.5040969848632812,1.6170639991760254,1.5040969848632812,1.5638240575790405,51739266
2022-08-09,1.5640029907226562,1.5728130340576172,1.4299689531326294,1.4303909540176392,61025547
2022-08-10,1.4300810098648071,1.5959570407867432,1.3931159973144531,1.5747400522232056,95533915
2022-08-11,1.575553059577942,1.6122629642486572,1.5265860557556152,1.5354429483413696,94632026
2022-08-12,1.5353699922561646,1.5738309621810913,1.5065269470214844,1.5651600360870361,53984034
2022-08-13,1.5655239820480347,1.5891380310058594,1.5290969610214233,1.530837059020996,36900960
2022-08-14,1.531322956085205,1.6016960144042969,1.4699180126190186,1.4828640222549438,55412372
2022-08-15,1.482998013496399,1.5404150485992432,1.4260469675064087,1.4467580318450928,62001734
2022-08-16,1.4463759660720825,1.4593960046768188,1.412585973739624,1.4185140132904053,44858034
2022-08-17,1.4181989431381226,1.4736779928207397,1.362313985824585,1.3694180250167847,46329509
2022-08-18,1.3705190420150757,1.4000539779663086,1.3048779964447021,1.3050919771194458,41085277
2022-08-19,1.3050270080566406,1.3063910007476807,1.1728659868240356,1.1829570531845093,71934182
2022-08-20,1.182757019996643,1.2188830375671387,1.1369680166244507,1.168408989906311,45574535
2022-08-21,1.168274998664856,1.2169690132141113,1.1657509803771973,1.2009639739990234,36901847
2022-08-22,1.2008270025253296,1.2017929553985596,1.1344029903411865,1.1903480291366577,44878598
2022-08-23,1.1903280019760132,1.2192209959030151,1.1569089889526367,1.2136729955673218,53957040
2022-08-24,1.213547945022583,1.231793999671936,1.1786930561065674,1.2004450559616089,40985038
2022-08-25,1.200307011604309,1.2556040287017822,1.184198021888733,1.2035390138626099,62566450
2022-08-26,1.203300952911377,1.208503007888794,1.0585700273513794,1.0657249689102173,56438094
2022-08-27,1.065932035446167,1.081220030784607,1.0507960319519043,1.0646350383758545,33867812
2022-08-28,1.0643199682235718,1.0706579685211182,1.0029619932174683,1.0037490129470825,31157565
2022-08-29,1.0037009716033936,1.104367971420288,1.000445008277893,1.1020499467849731,32324237
2022-08-30,1.102038025856018,1.1099070310592651,1.0243339538574219,1.0524510145187378,44548359
2022-08-31,1.052543044090271,1.0936640501022339,1.0367779731750488,1.03774094581604,30499553
2022-09-01,1.0373200178146362,1.0622869729995728,1.0112860202789307,1.0592080354690552,27236466
2022-09-02,1.0591360330581665,1.1395920515060425,1.048279047012329,1.1123820543289185,48603782
2022-09-03,1.1124210357666016,1.1372439861297607,1.0870469808578491,1.130350947380066,38707337
2022-09-04,1.130534052848816,1.154662013053894,1.1134170293807983,1.1544920206069946,23994721
2022-09-05,1.154721975326538,1.2374390363693237,1.1237449645996094,1.2357579469680786,53784694
2022-09-06,1.2359579801559448,1.2616750001907349,1.134526014328003,1.1468130350112915,44248824
2022-09-07,1.1466610431671143,1.2633329629898071,1.0901119709014893,1.2546260356903076,48647751
2022-09-08,1.2543070316314697,1.330396056175232,1.1904510259628296,1.3228750228881836,79090087
2022-09-09,1.3232979774475098,1.3515440225601196,1.2951580286026,1.3287889957427979,69195772
2022-09-10,1.3286099433898926,1.3683550357818604,1.2976330518722534,1.3343230485916138,58047758
2022-09-11,1.3344290256500244,1.3619869947433472,1.2844480276107788,1.3020570278167725,43555226
2022-09-12,1.301956057548523,1.3453569412231445,1.2607760429382324,1.2676149606704712,53547247
2022-09-13,1.2676750421524048,1.2780179977416992,1.1697510480880737,1.186885952949524,62510900
2022-09-14,1.1748239994049072,1.205193042755127,1.1592049598693848,1.1887120008468628,39105482
2022-09-15,1.1886579990386963,1.1888810396194458,1.1089930534362793,1.111395001411438,39790146
2022-09-16,1.111744999885559,1.1432780027389526,1.0993260145187378,1.1334400177001953,35351998
2022-09-17,1.1335049867630005,1.1802070140838623,1.1236350536346436,1.1796809434890747,25898711
2022-09-18,1.1795170307159424,1.1795170307159424,1.0250710248947144,1.0256619453430176,41984220
2022-09-19,1.026319980621338,1.077692985534668,1.0101200342178345,1.068253993988037,38636603
2022-09-20,1.0679179430007935,1.0727989673614502,1.0330270528793335,1.0359660387039185,29972038
2022-09-21,1.0358059406280518,1.0979759693145752,0.9997580051422119,1.0148930549621582,44326438
2022-09-22,1.0145039558410645,1.0918240547180176,1.0095659494400024,1.088847041130066,34392806
2022-09-23,1.0886399745941162,1.1100850105285645,1.0374280214309692,1.0834319591522217,34869169
2022-09-24,1.083346962928772,1.1142159700393677,1.0695339441299438,1.0705080032348633,23175249
2022-09-25,1.070430040359497,1.0894349813461304,1.033805012702942,1.041146993637085,21487821
2022-09-26,1.0411310195922852,1.0591089725494385,1.016414999961853,1.0591089725494385,34385658
2022-09-27,1.0590360164642334,1.136335015296936,1.047719955444336,1.06917405128479,44868822
2022-09-28,1.069072961807251,1.079198956489563,1.0280189514160156,1.0720490217208862,30773961
2022-09-29,1.0722310543060303,1.1063519716262817,1.055016040802002,1.1063519716262817,34264820
2022-09-30,1.105752944946289,1.114635944366455,1.086279034614563,1.1013760566711426,35526840
2022-10-01,1.101425051689148,1.1213910579681396,1.0733530521392822,1.0752819776535034,27777379
2022-10-02,1.075158953666687,1.0755449533462524,1.03459894657135,1.0346269607543945,35600520
2022-10-03,1.0345900058746338,1.0912950038909912,1.0257129669189453,1.0886030197143555,28609031
2022-10-04,1.0883619785308838,1.1640559434890747,1.0830440521240234,1.1490110158920288,54292370
2022-10-05,1.1490490436553955,1.3127739429473877,1.104814052581787,1.2862930297851562,113483570
2022-10-06,1.2864010334014893,1.350574016571045,1.2552629709243774,1.3241239786148071,162063426
2022-10-07,1.3243759870529175,1.3911219835281372,1.3043880462646484,1.3599859476089478,150304214
2022-10-08,1.3602269887924194,1.3792999982833862,1.3400019407272339,1.365412950515747,67571904
2022-10-09,1.3656179904937744,1.3840099573135376,1.3251910209655762,1.3833930492401123,54942546
2022-10-10,1.383631944656372,1.3849949836730957,1.2474770545959473,1.2621259689331055,88693149
2022-10-11,1.2619719505310059,1.2779680490493774,1.2107479572296143,1.2562350034713745,75199976
2022-10-12,1.2562990188598633,1.272199034690857,1.1746000051498413,1.1746000051498413,45633918
2022-10-13,1.1737439632415771,1.2511650323867798,1.0954840183258057,1.2511650323867798,96199923
2022-10-14,1.2511370182037354,1.4943430423736572,1.2504299879074097,1.4600980281829834,208681984
2022-10-15,1.460981011390686,1.4884339570999146,1.4025640487670898,1.4813929796218872,127390803
2022-10-16,1.4815469980239868,1.4936410188674927,1.4194610118865967,1.4634649753570557,85153212
2022-10-17,1.4631930589675903,1.4680860042572021,1.3864580392837524,1.4193589687347412,67233808
2022-10-18,1.419530987739563,1.5250990390777588,1.3927600383758545,1.4954299926757812,120874312
2022-10-19,1.4956049919128418,1.527541995048523,1.461014986038208,1.4862990379333496,93253461
2022-10-20,1.486246943473816,1.4891120195388794,1.366379976272583,1.3679699897766113,89049584
2022-10-21,1.3679360151290894,1.368749976158142,1.2906140089035034,1.3459630012512207,79409958
2022-10-22,1.3459080457687378,1.3471349477767944,1.2962729930877686,1.3049949407577515,44881688
2022-10-23,1.3049770593643188,1.4388240575790405,1.263988971710205,1.4382480382919312,79765047
2022-10-24,1.437883973121643,1.454717993736267,1.3962019681930542,1.4198570251464844,77570371
2022-10-25,1.4197369813919067,1.6314489841461182,1.3994250297546387,1.563979983329773,146429707
2022-10-26,1.5641000270843506,1.701977014541626,1.5575670003890991,1.669877052307129,196852383
2022-10-27,1.6691579818725586,1.702286958694458,1.6098699569702148,1.618607997894287,170860613
2022-10-28,1.6183700561523438,1.7466700077056885,1.600000023841858,1.7066090106964111,151382621
2022-10-29,1.706529974937439,1.8533329963684082,1.6517549753189087,1.837677001953125,197693597
2022-10-30,1.8373090028762817,1.874912977218628,1.6733349561691284,1.6972049474716187,168968687
2022-10-31,1.69766104221344,1.7975130081176758,1.5975250005722046,1.6031279563903809,148826553
2022-11-01,1.6021180152893066,1.6492869853973389,1.5704710483551025,1.5846329927444458,98638896
2022-11-02,1.584460973739624,1.6764229536056519,1.503188967704773,1.6191649436950684,151815987
2022-11-03,1.6200549602508545,1.8084490299224854,1.6105200052261353,1.741776943206787,169787450
2022-11-04,1.7415499687194824,2.054732084274292,1.7008260488510132,1.9737969636917114,241206682
2022-11-05,1.9735289812088013,2.0047640800476074,1.8076260089874268,1.8164629936218262,156900821
2022-11-06,1.816409945487976,1.880094051361084,1.720162034034729,1.720162034034729,112326299
2022-11-07,1.7203359603881836,1.9151649475097656,1.6857190132141113,1.7333650588989258,183648430
2022-11-08,1.7329280376434326,1.835347056388855,1.2288730144500732,1.3860759735107422,322215570
2022-11-09,1.386538028717041,1.4091249704360962,1.0169310569763184,1.0195790529251099,187744575
2022-11-10,1.018664002418518,1.2917859554290771,1.0095670223236084,1.2388299703598022,164893723
2022-11-11,1.238489031791687,1.3360129594802856,1.1525739431381226,1.2527259588241577,122463065
2022-11-12,1.2525310516357422,1.2557090520858765,1.1172020435333252,1.1680569648742676,70494642
2022-11-13,1.1679749488830566,1.2766629457473755,1.1590800285339355,1.2462949752807617,123222868
2022-11-14,1.2460980415344238,1.3179800510406494,1.150665044784546,1.255566954612732,119416924
2022-11-15,1.2559070587158203,1.3688570261001587,1.2421339750289917,1.3128199577331543,86460640
2022-11-16,1.3127620220184326,1.3636770248413086,1.2710260152816772,1.3035919666290283,72023541
2022-11-17,1.303534984588623,1.3206150531768799,1.2291909456253052,1.2309240102767944,49582157
2022-11-18,1.2311370372772217,1.2567520141601562,1.19833505153656,1.216554045677185,39061565
2022-11-19,1.216385006904602,1.2279609441757202,1.169268012046814,1.2158679962158203,36906684
2022-11-20,1.2158750295639038,1.2412660121917725,1.1450810432434082,1.1695879697799683,43413034
2022-11-21,1.1694519519805908,1.19861900806427,1.0871679782867432,1.1176990270614624,62385346
2022-11-22,1.1176060438156128,1.1826210021972656,1.0878750085830688,1.1726809740066528,54725293
2022-11-23,1.1731220483779907,1.218822956085205,1.168017029762268,1.2048519849777222,52623900
2022-11-24,1.2050169706344604,1.227200984954834,1.1631050109863281,1.1682909727096558,40303180
2022-11-25,1.168045997619629,1.1838899850845337,1.1456619501113892,1.1717720031738281,38713420
2022-11-26,1.1718709468841553,1.216012954711914,1.1689130067825317,1.1901240348815918,47324640
2022-11-27,1.1902179718017578,1.3107739686965942,1.1860820055007935,1.2706999778747559,92512915
2022-11-28,1.270488977432251,1.3729939460754395,1.2309030294418335,1.3360209465026855,139102936
2022-11-29,1.3360379934310913,1.4087209701538086,1.2997820377349854,1.3886250257492065,98657476
2022-11-30,1.3886469602584839,1.4776320457458496,1.3835370540618896,1.4701900482177734,85348445
2022-12-01,1.4699089527130127,1.4699089527130127,1.3622620105743408,1.3825459480285645,62090975
2022-12-02,1.3827910423278809,1.3939950466156006,1.3251349925994873,1.381883978843689,64856813
2022-12-03,1.3817789554595947,1.4104859828948975,1.323843002319336,1.3262510299682617,59207593
2022-12-04,1.3262070417404175,1.3544249534606934,1.3262070417404175,1.3522239923477173,33516048
2022-12-05,1.3522380590438843,1.4010210037231445,1.3474539518356323,1.3803390264511108,50148235
2022-12-06,1.3803709745407104,1.4208400249481201,1.244683027267456,1.2657690048217773,125888189
2022-12-07,1.2658660411834717,1.2767080068588257,1.1563949584960938,1.1633399724960327,88634809
2022-12-08,1.1634130477905273,1.193382978439331,1.1408400535583496,1.1871949434280396,55841895
2022-12-09,1.1871989965438843,1.2065949440002441,1.157938003540039,1.1830389499664307,56407949
2022-12-10,1.1830010414123535,1.1973299980163574,1.1680020093917847,1.1726880073547363,30959306
2022-12-11,1.1728179454803467,1.188905954360962,1.1318119764328003,1.1432950496673584,42700822
2022-12-12,1.143062949180603,1.1436810493469238,1.1029939651489258,1.1380410194396973,57514922
2022-12-13,1.1379679441452026,1.1658309698104858,1.1028449535369873,1.1597340106964111,62444565
2022-12-14,1.159911036491394,1.1653740406036377,1.1179709434509277,1.1196550130844116,56634657
2022-12-15,1.1195729970932007,1.1290580034255981,1.1015859842300415,1.1254349946975708,43784488
2022-12-16,1.1256459951400757,1.1333609819412231,0.9755449891090393,0.9799829721450806,57970295
2022-12-17,0.9799739718437195,1.0207079648971558,0.9607719779014587,1.0205379724502563,40748454
2022-12-18,1.0205299854278564,1.0205299854278564,1.0018800497055054,1.004852056503296,24861162
2022-12-19,1.0049680471420288,1.0158289670944214,0.9167400002479553,0.9248480200767517,45224472
2022-12-20,0.9247559905052185,0.9852370023727417,0.9225460290908813,0.963021993637085,37836742
2022-12-21,0.962831974029541,0.9637609720230103,0.9259600043296814,0.9315850138664246,34245749
2022-12-22,0.9319090247154236,0.9478219747543335,0.9080920219421387,0.947763979434967,34095374
2022-12-23,0.9478110074996948,0.9582340121269226,0.9362720251083374,0.9386249780654907,29549253
2022-12-24,0.9386410117149353,0.9484699964523315,0.9377390146255493,0.940775990486145,20864921
2022-12-25,0.9408199787139893,0.9469349980354309,0.9133480191230774,0.9332559704780579,25484999
2022-12-26,0.933413028717041,0.9852020144462585,0.9307860136032104,0.9851719737052917,31957478
2022-12-27,0.9849119782447815,1.0184639692306519,0.9743390083312988,0.9839640259742737,52460335
2022-12-28,0.9840350151062012,0.9868069887161255,0.9482730031013489,0.9544069766998291,50491802
2022-12-29,0.9544100165367126,0.9813899993896484,0.9205650091171265,0.9409310221672058,39547305
2022-12-30,0.940867006778717,0.9475169777870178,0.9168000221252441,0.9208920001983643,34648042
2022-12-31,0.9212750196456909,0.9410510063171387,0.9096779823303223,0.9238560199737549,30239202
2023-01-01,0.9238340258598328,0.9425860047340393,0.9157860279083252,0.9399759769439697,24760983
2023-01-02,0.9400079846382141,0.9674990177154541,0.9247779846191406,0.9575420022010803,39105151
2023-01-03,0.9576089978218079,0.9810349941253662,0.9515140056610107,0.9641870260238647,35225655
2023-01-04,0.96418297290802,1.010509967803955,0.9640300273895264,0.9908360242843628,38971676
2023-01-05,0.9908139705657959,1.0068440437316895,0.9714990258216858,0.9842020273208618,41584344
2023-01-06,0.9843109846115112,1.0455280542373657,0.9613100290298462,1.0440189838409424,42406822
2023-01-07,1.0441139936447144,1.0691050291061401,1.030068039894104,1.0688079595565796,40135899
2023-01-08,1.0684750080108643,1.0879909992218018,1.0476230382919312,1.0866340398788452,55227737
2023-01-09,1.0871740579605103,1.1329799890518188,1.0846699476242065,1.0846699476242065,65231228
2023-01-10,1.0838069915771484,1.1376780271530151,1.0722719430923462,1.1182949542999268,68172992
2023-01-11,1.1183010339736938,1.1224859952926636,1.0527750253677368,1.0947380065917969,50614301
2023-01-12,1.1176350116729736,1.1388109922409058,1.0738890171051025,1.1376899480819702,82787583
2023-01-13,1.137802004814148,1.2162649631500244,1.1040760278701782,1.2094680070877075,106706987
2023-01-14,1.2092499732971191,1.3170249462127686,1.204653024673462,1.2445290088653564,162605752
2023-01-15,1.2448439598083496,1.3231580257415771,1.21589195728302,1.2878869771957397,100230425
2023-01-16,1.2877689599990845,1.3279609680175781,1.2071939706802368,1.25449800491333,92735506
2023-01-17,1.2545959949493408,1.289054036140442,1.2312910556793213,1.2322759628295898,54590890
2023-01-18,1.232174038887024,1.3094589710235596,1.1497700214385986,1.1809569597244263,89953107
2023-01-19,1.1803139448165894,1.1992019414901733,1.1520979404449463,1.1931509971618652,46802794
2023-01-20,1.1929709911346436,1.310912013053894,1.1696699857711792,1.3081300258636475,63701552
2023-01-21,1.3081589937210083,1.3513790369033813,1.2915459871292114,1.3050910234451294,87076642
2023-01-22,1.3044780492782593,1.4073630571365356,1.2834659814834595,1.336827039718628,91818802
2023-01-23,1.3364429473876953,1.3747719526290894,1.3252710103988647,1.3388190269470215,62004149
2023-01-24,1.3382350206375122,1.3728619813919067,1.2340919971466064,1.241299033164978,60239121
2023-01-25,1.241284966468811,1.3195730447769165,1.2231810092926025,1.2989699840545654,63248931
2023-01-26,1.2987550497055054,1.333847999572754,1.2848409414291382,1.3203740119934082,64095033
2023-01-27,1.3203849792480469,1.3560940027236938,1.2761930227279663,1.3468519449234009,55404932
2023-01-28,1.346917986869812,1.3595809936523438,1.282688021659851,1.2902120351791382,39349322
2023-01-29,1.2902129888534546,1.363055944442749,1.2795560359954834,1.3526439666748047,43066215
2023-01-30,1.3526819944381714,1.360761046409607,1.226572036743164,1.2446880340576172,57984243
2023-01-31,1.2447960376739502,1.2758070230484009,1.2379900217056274,1.2641559839248657,38174061
2023-02-01,1.264098048210144,1.3135700225830078,1.1960649490356445,1.304306983947754,60439916
2023-02-02,1.3042789697647095,1.6004509925842285,1.3031630516052246,1.5144339799880981,173825077
2023-02-03,1.514201045036316,1.6285840272903442,1.4734090566635132,1.5553829669952393,138838195
2023-02-04,1.5551249980926514,1.575456976890564,1.503594994544983,1.503594994544983,63193438
2023-02-05,1.5035489797592163,1.5311189889907837,1.4156899452209473,1.4326130151748657,64076424
2023-02-06,1.4324690103530884,1.5440479516983032,1.4042860269546509,1.434715986251831,78450573
2023-02-07,1.4348249435424805,1.5032880306243896,1.43442702293396,1.5026520490646362,79432019
2023-02-08,1.5027849674224854,1.541977047920227,1.3876769542694092,1.4395500421524048,73234710
2023-02-09,1.4397590160369873,1.4653830528259277,1.2400410175323486,1.2597620487213135,80395114
2023-02-10,1.2595800161361694,1.3090980052947998,1.2433689832687378,1.2963260412216187,69838965
2023-02-11,1.2963629961013794,1.3224600553512573,1.2719390392303467,1.3147519826889038,36479536
2023-02-12,1.314700961112976,1.3207319974899292,1.253222942352295,1.2667399644851685,38262408
2023-02-13,1.2665959596633911,1.2853410243988037,1.2164560556411743,1.2824519872665405,59688619
2023-02-14,1.2825690507888794,1.3220020532608032,1.2596039772033691,1.3068699836730957,47249525
2023-02-15,1.306820034980774,1.4165550470352173,1.2867499589920044,1.4159760475158691,67837112
2023-02-16,1.4162429571151733,1.4349329471588135,1.3238400220870972,1.3243290185928345,68247502
2023-02-17,1.3242169618606567,1.4270830154418945,1.3203020095825195,1.4121639728546143,54288456
2023-02-18,1.4122120141983032,1.4608839750289917,1.4047260284423828,1.435217022895813,60051637
2023-02-19,1.4350509643554688,1.50587797164917,1.4197649955749512,1.420765995979309,65790311
2023-02-20,1.4213249683380127,1.506598949432373,1.3929170370101929,1.5045690536499023,64453957
2023-02-21,1.504433035850525,1.5124510526657104,1.4061249494552612,1.4461959600448608,62617311
2023-02-22,1.4465049505233765,1.462893009185791,1.3432539701461792,1.3964300155639648,58350534
2023-02-23,1.3964309692382812,1.4803849458694458,1.389706015586853,1.4729690551757812,69973462
2023-02-24,1.4732650518417358,1.5088640451431274,1.344871997833252,1.3584129810333252,76818603
2023-02-25,1.358657956123352,1.3796759843826294,1.2863320112228394,1.3194249868392944,42237797
2023-02-26,1.3191059827804565,1.3456449508666992,1.3126120567321777,1.3447669744491577,32260583
2023-02-27,1.3447480201721191,1.362568974494934,1.2809540033340454,1.3013440370559692,44222806
2023-02-28,1.3013839721679688,1.3323450088500977,1.2642680406570435,1.2758480310440063,43347281
2023-03-01,1.2758870124816895,1.3611639738082886,1.270251989364624,1.3600679636001587,40980068
2023-03-02,1.3600519895553589,1.3662309646606445,1.2921589612960815,1.3129210472106934,41682776
2023-03-03,1.3130470514297485,1.3138079643249512,1.1902860403060913,1.2368220090866089,51203067
2023-03-04,1.2369070053100586,1.2465029954910278,1.1755670309066772,1.200834035873413,32621178
2023-03-05,1.2007490396499634,1.2270469665527344,1.1936860084533691,1.2028709650039673,26675274
2023-03-06,1.2028470039367676,1.2223429679870605,1.1755809783935547,1.216086983680725,33592446
2023-03-07,1.2160600423812866,1.23432195186615,1.161391019821167,1.1894760131835938,35006035
2023-03-08,1.1893680095672607,1.1958600282669067,1.1171900033950806,1.117318034172058,34826665
2023-03-09,1.1172749996185303,1.1646889448165894,1.0411089658737183,1.058223009109497,45704264
2023-03-10,1.0582499504089355,1.0942139625549316,1.0060319900512695,1.088129997253418,61827594
2023-03-11,1.088238000869751,1.1055469512939453,1.0379890203475952,1.0808680057525635,58509033
2023-03-12,1.0805729627609253,1.1754440069198608,1.0635839700698853,1.1688690185546875,70971660
2023-03-13,1.1690590381622314,1.2707760334014893,1.1194859743118286,1.230523943901062,98757633
2023-03-14,1.2305480241775513,1.2860959768295288,1.1910320520401,1.2508339881896973,84385658
2023-03-15,1.2509649991989136,1.2758339643478394,1.1123449802398682,1.1280089616775513,74347213
2023-03-16,1.1282049417495728,1.173596978187561,1.117372989654541,1.1678440570831299,51231075
2023-03-17,1.1678420305252075,1.2542940378189087,1.155243992805481,1.2542940378189087,56300523
2023-03-18,1.2545310258865356,1.289984941482544,1.200901985168457,1.2016979455947876,52523676
2023-03-19,1.201920986175537,1.2629050016403198,1.201920986175537,1.2295379638671875,35308856
2023-03-20,1.2295329570770264,1.248568058013916,1.1561269760131836,1.1623209714889526,43731064
2023-03-21,1.1626689434051514,1.2167929410934448,1.1368550062179565,1.1729799509048462,60425436
2023-03-22,1.172940969467163,1.1766459941864014,1.0424200296401978,1.0518929958343506,82421163
2023-03-23,1.0519230365753174,1.1065900325775146,1.0506219863891602,1.07807195186615,66821181
2023-03-24,1.0780760049819946,1.0845890045166016,1.0200849771499634,1.0322480201721191,64009509
2023-03-25,1.032243013381958,1.0396889448165894,1.0034459829330444,1.019590973854065,58508088
2023-03-26,1.019597053527832,1.058500051498413,1.0131189823150635,1.0553489923477173,39870887
2023-03-27,1.0553220510482788,1.0612380504608154,0.9806399941444397,1.0076769590377808,52073486
2023-03-28,1.0076349973678589,1.0502970218658447,0.9943709969520569,1.049504041671753,37893607
2023-03-29,1.049433946609497,1.0895040035247803,1.0483009815216064,1.0817769765853882,50756512
2023-03-30,1.0817439556121826,1.0969189405441284,1.0470590591430664,1.0770490169525146,41002117
2023-03-31,1.0771360397338867,1.1051440238952637,1.0610589981079102,1.1020959615707397,35631956
2023-04-01,1.1020309925079346,1.1170239448547363,1.0803790092468262,1.0812020301818848,24598198
2023-04-02,1.0922789573669434,1.1048469543457031,1.0476319789886475,1.0578570365905762,28199249
2023-04-03,1.0578080415725708,1.0991020202636719,1.0293740034103394,1.0835720300674438,36791809
2023-04-04,1.0837479829788208,1.1538679599761963,1.0773940086364746,1.1369500160217285,42819331
2023-04-05,1.1369760036468506,1.1587040424346924,1.1194679737091064,1.132006049156189,29275706
2023-04-06,1.1320209503173828,1.1424729824066162,1.1126430034637451,1.1415460109710693,28812055
2023-04-07,1.1417399644851685,1.1451380252838135,1.1037169694900513,1.1093250513076782,30257727
2023-04-08,1.1093100309371948,1.1310290098190308,1.092352032661438,1.1019539833068848,29814601
2023-04-09,1.1020100116729736,1.1221139430999756,1.0658080577850342,1.11348295211792,38742598
2023-04-10,1.113366961479187,1.1498039960861206,1.095818042755127,1.145609974861145,33656319
2023-04-11,1.145691990852356,1.1545979976654053,1.1349469423294067,1.1387710571289062,31732451
2023-04-12,1.1388260126113892,1.1442500352859497,1.097756028175354,1.1197659969329834,31061277
2023-04-13,1.1237529516220093,1.1694509983062744,1.115002989768982,1.1694509983062744,31058717
2023-04-14,1.169577956199646,1.1977519989013672,1.152269959449768,1.186993956565857,45868643
2023-04-15,1.187041997909546,1.1910500526428223,1.1706830263137817,1.1806809902191162,28152445
2023-04-16,1.1806069612503052,1.2128809690475464,1.1660490036010742,1.1987069845199585,28672907
2023-04-17,1.1987459659576416,1.1991640329360962,1.160506010055542,1.16554594039917,33518042
2023-04-18,1.165774941444397,1.2195639610290527,1.1616430282592773,1.207738995552063,32795311
2023-04-19,1.207738995552063,1.208598017692566,1.0890339612960815,1.1017370223999023,50235474
2023-04-20,1.1018340587615967,1.1102999448776245,1.0570440292358398,1.070963978767395,42279790
2023-04-21,1.0709940195083618,1.079360008239746,1.0175939798355103,1.0271259546279907,23852086
2023-04-22,1.0270969867706299,1.0521390438079834,1.0238239765167236,1.0504029989242554,16662271
2023-04-23,1.0504629611968994,1.0608960390090942,1.0233110189437866,1.0453640222549438,19841327
2023-04-24,1.0453829765319824,1.0577549934387207,1.0330779552459717,1.0467690229415894,21689504
2023-04-25,1.0468289852142334,1.0663119554519653,1.0183370113372803,1.0651249885559082,23456605
2023-04-26,1.0652669668197632,1.093337059020996,0.9929860234260559,1.0302150249481201,38845037
2023-04-27,1.03028404712677,1.066485047340393,1.0259859561920166,1.056676983833313,27053883
2023-04-28,1.0565849542617798,1.0578420162200928,1.030277967453003,1.0481289625167847,16608800
2023-04-29,1.0481289625167847,1.0600730180740356,1.0409560203552246,1.0550220012664795,14901392
2023-04-30,1.0550580024719238,1.0556069612503052,1.0192370414733887,1.0204349756240845,21171747
2023-05-01,1.0204039812088013,1.022407054901123,0.9934509992599487,1.0086859464645386,19583867
2023-05-02,1.008689045906067,1.0261319875717163,1.0021549463272095,1.0155320167541504,15257431
2023-05-03,1.0153529644012451,1.0477570295333862,0.9952849745750427,1.0429970026016235,18805727
2023-05-04,1.0431530475616455,1.0439629554748535,1.0207070112228394,1.0299530029296875,12273913
2023-05-05,1.0299609899520874,1.05513596534729,1.0235350131988525,1.0478500127792358,21123922
2023-05-06,1.0478709936141968,1.0508910417556763,0.9902229905128479,0.9979540109634399,22538341
2023-05-07,0.9978320002555847,1.008800983428955,0.9921910166740417,0.992579996585846,12528885
2023-05-08,0.9924560189247131,0.994933009147644,0.8940050005912781,0.9045400023460388,33609102
2023-05-09,0.9045720100402832,0.9081820249557495,0.884784996509552,0.8946110010147095,20689808
2023-05-10,0.8945840001106262,0.9158110022544861,0.8692529797554016,0.9148759841918945,26498257
2023-05-11,0.9149360060691833,0.9158710241317749,0.8633999824523926,0.8743969798088074,18018274
2023-05-12,0.874305009841919,0.886942982673645,0.8522760272026062,0.886900007724762,18431203
2023-05-13,0.8869519829750061,0.8904269933700562,0.8758950233459473,0.8851109743118286,11984470
2023-05-14,0.8851100206375122,0.8993200063705444,0.8793299794197083,0.8961179852485657,11638962
2023-05-15,0.8961290121078491,0.9118679761886597,0.8871049880981445,0.891972005367279,17414390
2023-05-16,0.8918920159339905,0.9003139734268188,0.8836060166358948,0.897117018699646,20233069
2023-05-17,0.897113025188446,0.9257990121841431,0.8882970213890076,0.9250379800796509,18245019
2023-05-18,0.9250360131263733,0.9271789789199829,0.8820229768753052,0.9063640236854553,18124925
2023-05-19,0.9060670137405396,0.9070550203323364,0.8956630229949951,0.8998939990997314,12467272
2023-05-20,0.9000279903411865,0.9068719744682312,0.8909419775009155,0.9007109999656677,9808338
2023-05-21,0.9005699753761292,0.905269980430603,0.8789039850234985,0.880046010017395,10716880
2023-05-22,0.880075991153717,0.8999639749526978,0.8696479797363281,0.8961499929428101,13599275
2023-05-23,0.8961380124092102,0.9141920208930969,0.8952540159225464,0.8990610241889954,13286147
2023-05-24,0.8989869952201843,0.8992710113525391,0.8565639853477478,0.8662070035934448,16353338
2023-05-25,0.8660860061645508,0.8660860061645508,0.8472710251808167,0.8516709804534912,15099126
2023-05-26,0.851722002029419,0.8530340194702148,0.8292639851570129,0.8413810133934021,17520133
2023-05-27,0.8412669897079468,0.8473970293998718,0.8328999876976013,0.8428490161895752,10392110
2023-05-28,0.8428199887275696,0.8968240022659302,0.8399789929389954,0.8850899934768677,15214999
2023-05-29,0.8850380182266235,0.8850510120391846,0.8602210283279419,0.8700469732284546,16493233
2023-05-30,0.8700389862060547,0.8839370012283325,0.8614869713783264,0.8708419799804688,15020043
2023-05-31,0.8708540201187134,0.8721209764480591,0.8301439881324768,0.8396909832954407,18218968
2023-06-01,0.8396540284156799,0.853534996509552,0.8315629959106445,0.8353919982910156,17276757
2023-06-02,0.8353919982910156,0.8575680255889893,0.830390989780426,0.8553889989852905,14530072
2023-06-03,0.855368971824646,0.8587890267372131,0.8487390279769897,0.8501560091972351,10027208
2023-06-04,0.850184977054596,0.8691189885139465,0.8464589715003967,0.8572499752044678,12796269
2023-06-05,0.8575850129127502,0.8583269715309143,0.7566879987716675,0.7610139846801758,29089348
2023-06-06,0.7610039710998535,0.769707977771759,0.73710697889328,0.7674639821052551,21369287
2023-06-07,0.7674800157546997,0.7675250172615051,0.7170820236206055,0.7258509993553162,17649535
2023-06-08,0.7258409857749939,0.7534260153770447,0.7188330292701721,0.7462379932403564,13119128
2023-06-09,0.7462090253829956,0.754243016242981,0.7333980202674866,0.7480999827384949,12323554
2023-06-10,0.7481020092964172,0.7481020092964172,0.5470449924468994,0.5856559872627258,52188990
2023-06-11,0.585548996925354,0.585548996925354,0.5647510290145874,0.5673739910125732,15486822
2023-06-12,0.567425012588501,0.5729990005493164,0.5498809814453125,0.5705680251121521,14311963
2023-06-13,0.5705789923667908,0.5857139825820923,0.5660139918327332,0.5748720169067383,12202212
2023-06-14,0.5748710036277771,0.5915669798851013,0.5502399802207947,0.5563709735870361,13594968
2023-06-15,0.5563629865646362,0.5924659967422485,0.5537289977073669,0.5891199707984924,13081831
2023-06-16,0.5890889763832092,0.6108689904212952,0.5831869840621948,0.6012610197067261,13117496
2023-06-17,0.6012840270996094,0.6217690110206604,0.5982990264892578,0.5999780297279358,13236763
2023-06-18,0.5999490022659302,0.6058430075645447,0.5905309915542603,0.5950250029563904,11511503
2023-06-19,0.5951070189476013,0.6012830138206482,0.5853769779205322,0.5961840152740479,11382479
2023-06-20,0.5961650013923645,0.6198179721832275,0.5794600248336792,0.6194499731063843,14039314
2023-06-21,0.6195110082626343,0.6450660228729248,0.61947101354599,0.639369010925293,17903494
2023-06-22,0.6393790245056152,0.6597470045089722,0.6381000280380249,0.6418570280075073,16050199
2023-06-23,0.6419190168380737,0.6840410232543945,0.6408799886703491,0.6790909767150879,19181415
2023-06-24,0.6791269779205322,0.6922309994697571,0.6643199920654297,0.6748430132865906,16529040
2023-06-25,0.6747999787330627,0.7387570142745972,0.6740679740905762,0.6994770169258118,31455961
2023-06-26,0.6994069814682007,0.6996449828147888,0.6691849827766418,0.6730780005455017,19207985
2023-06-27,0.6730989813804626,0.691290020942688,0.6710309982299805,0.6800529956817627,12556334
2023-06-28,0.6801729798316956,0.6808369755744934,0.6164510250091553,0.6280490159988403,17635206
2023-06-29,0.6280040144920349,0.6548669934272766,0.6255589723587036,0.6495440006256104,12629433
2023-06-30,0.6495149731636047,0.6914640069007874,0.6411160230636597,0.688493013381958,31109134
2023-07-01,0.6885420083999634,0.694167971611023,0.6656910181045532,0.689520001411438,20751780
2023-07-02,0.6896129846572876,0.6924459934234619,0.6674789786338806,0.6924170255661011,15927060
2023-07-03,0.6924499869346619,0.7125809788703918,0.689969003200531,0.7028110027313232,17757421
2023-07-04,0.7030280232429504,0.7063339948654175,0.6869459748268127,0.6940109729766846,14620282
2023-07-05,0.6940150260925293,0.7251759767532349,0.6735950112342834,0.6787620186805725,21660585
2023-07-06,0.6787099838256836,0.7114419937133789,0.6485430002212524,0.6485430002212524,18897361
2023-07-07,0.6485570073127747,0.6562820076942444,0.6420930027961731,0.6489869952201843,12651079
2023-07-08,0.64901202917099,0.6537179946899414,0.6251019835472107,0.6355400085449219,11742925
2023-07-09,0.6355260014533997,0.6451420187950134,0.6335660219192505,0.6342620253562927,9627428
2023-07-10,0.6342700123786926,0.6461889743804932,0.6139019727706909,0.6331679821014404,14088622
2023-07-11,0.6331899762153625,0.6381549835205078,0.6286090016365051,0.6370090246200562,10120560
2023-07-12,0.6369969844818115,0.6507949829101562,0.6252840161323547,0.63406902551651,12346490
2023-07-13,0.6340370178222656,0.7122319936752319,0.6254709959030151,0.7121000289916992,25966690
2023-07-14,0.7122259736061096,0.7254480123519897,0.668196976184845,0.6849799752235413,30121689
2023-07-15,0.6851750016212463,0.6917459964752197,0.672980010509491,0.677819013595581,15669489
2023-07-16,0.6777529716491699,0.7120670080184937,0.6675249934196472,0.6806640028953552,25931407
2023-07-17,0.6807940006256104,0.8104389905929565,0.6803330183029175,0.741985023021698,120108916
2023-07-18,0.7419049739837646,0.7603999972343445,0.7089580297470093,0.7204430103302002,45311411
2023-07-19,0.7206270098686218,0.741100013256073,0.7029799818992615,0.7070410251617432,24728513
2023-07-20,0.7070180177688599,0.7477669715881348,0.7041950225830078,0.7366030216217041,35430500
2023-07-21,0.736594021320343,0.7534840106964111,0.722029983997345,0.7222579717636108,26151523
2023-07-22,0.7222449779510498,0.7240470051765442,0.6908270120620728,0.6930750012397766,20140636
2023-07-23,0.6930140256881714,0.7139930129051208,0.6917420029640198,0.7033270001411438,16580221
2023-07-24,0.7032930254936218,0.7071210145950317,0.6578360199928284,0.6625589728355408,24016541
2023-07-25,0.6625630259513855,0.6678550243377686,0.6539930105209351,0.6553149819374084,16423862
2023-07-26,0.6552190184593201,0.666703999042511,0.6463000178337097,0.657755970954895,15900738
2023-07-27,0.6577709913253784,0.6751980185508728,0.6539859771728516,0.6559190154075623,18252900
2023-07-28,0.6559020280838013,0.6650220155715942,0.6476849913597107,0.6641600131988525,13133597
2023-07-29,0.6641319990158081,0.684686005115509,0.6606780290603638,0.6844379901885986,13547923
2023-07-30,0.6844040155410767,0.7052000164985657,0.6647800207138062,0.6721580028533936,26233201
2023-07-31,0.6721410155296326,0.7071930170059204,0.6698369979858398,0.6849910020828247,29567666
2023-08-01,0.6850360035896301,0.7228450179100037,0.6627010107040405,0.7227720022201538,26092729
2023-08-02,0.7230299711227417,0.7473819851875305,0.7093899846076965,0.7158160209655762,37919462
2023-08-03,0.7158340215682983,0.7278969883918762,0.6954900026321411,0.7010040283203125,18092640
2023-08-04,0.7009850144386292,0.7060610055923462,0.6869210004806519,0.6951850056648254,14604090
2023-08-05,0.6951820254325867,0.6980239748954773,0.6769580245018005,0.6773080229759216,19741682
2023-08-06,0.6773030161857605,0.6915760040283203,0.6741650104522705,0.6852139830589294,14739214
2023-08-07,0.6852059960365295,0.7127040028572083,0.6808649897575378,0.7100949883460999,32854717
2023-08-08,0.7101240158081055,0.7330999970436096,0.6995530128479004,0.7227320075035095,32376651
2023-08-09,0.7227110266685486,0.727150022983551,0.7041450142860413,0.7158759832382202,18314011
2023-08-10,0.7158499956130981,0.7312809824943542,0.7074260115623474,0.7139829993247986,25191461
2023-08-11,0.7139639854431152,0.7203559875488281,0.7033159732818604,0.7168179750442505,15415629
2023-08-12,0.7167959809303284,0.7600250244140625,0.7122679948806763,0.755653977394104,22752992
2023-08-13,0.755603015422821,0.765762984752655,0.7337409853935242,0.7393580079078674,17975200
2023-08-14,0.7392799854278564,0.799219012260437,0.7363849878311157,0.7750610113143921,37580102
2023-08-15,0.7749940156936646,0.7839869856834412,0.7211980223655701,0.7295029759407043,31146071
2023-08-16,0.7295849919319153,0.7324749827384949,0.6688969731330872,0.6774309873580933,30251466
2023-08-17,0.6773920059204102,0.6848099827766418,0.5768740177154541,0.6039019823074341,32717551
2023-08-18,0.6039419770240784,0.6056470274925232,0.57430499792099,0.5785959959030151,31349134
2023-08-19,0.5786129832267761,0.5966429710388184,0.5743060111999512,0.5913820266723633,15841462
2023-08-20,0.5914440155029297,0.5961040258407593,0.5800819993019104,0.5877190232276917,17267987
2023-08-21,0.5877169966697693,0.5890539884567261,0.5645670294761658,0.5764179825782776,19160084
2023-08-22,0.5763750076293945,0.5854870080947876,0.5619369745254517,0.5810319781303406,18158414
2023-08-23,0.5810509920120239,0.5978999733924866,0.5749139785766602,0.5929380059242249,14802016
2023-08-24,0.5929509997367859,0.5942580103874207,0.5666829943656921,0.5738199949264526,15393018
2023-08-25,0.5737990140914917,0.5845530033111572,0.5634059906005859,0.584164023399353,15341137
2023-08-26,0.5841550230979919,0.59340900182724,0.5796020030975342,0.5924199819564819,10874046
2023-08-27,0.5924320220947266,0.597087025642395,0.5902760028839111,0.5923410058021545,10566345
2023-08-28,0.5923200249671936,0.6039869785308838,0.5844889879226685,0.6002960205078125,15219081
2023-08-29,0.600284993648529,0.6299579739570618,0.5779899954795837,0.6205520033836365,19222785
2023-08-30,0.6204919815063477,0.6225889921188354,0.6004359722137451,0.6117990016937256,10955015
2023-08-31,0.6117900013923645,0.6171789765357971,0.5896409749984741,0.5914710164070129,12888418
2023-09-01,0.5915399789810181,0.5955039858818054,0.5664970278739929,0.5716879963874817,10861359
2023-09-02,0.5716990232467651,0.573855996131897,0.5650799870491028,0.5690140128135681,9176708
2023-09-03,0.5690450072288513,0.5731930136680603,0.5624690055847168,0.5706110000610352,7279551
2023-09-04,0.5706070065498352,0.5843549966812134,0.5615670084953308,0.5693650245666504,7819240
2023-09-05,0.5694379806518555,0.5897650122642517,0.5634109973907471,0.5889469981193542,10028345
2023-09-06,0.5890520215034485,0.6004999876022339,0.5838189721107483,0.5956829786300659,10985919
2023-09-07,0.595736026763916,0.6011160016059875,0.5853819847106934,0.5996800065040588,6965211
2023-09-08,0.5997040271759033,0.6033679842948914,0.586309015750885,0.601207971572876,8748181
2023-09-09,0.6012499928474426,0.6067739725112915,0.5924479961395264,0.5926139950752258,5847995
2023-09-10,0.59266197681427,0.59266197681427,0.5688490271568298,0.5701069831848145,9863304
2023-09-11,0.5701450109481812,0.5701450109481812,0.5524560213088989,0.5602790117263794,15487380
2023-09-12,0.5601999759674072,0.594527006149292,0.5601999759674072,0.581171989440918,14097379
2023-09-13,0.5812129974365234,0.6163989901542664,0.5795400142669678,0.6139799952507019,15790352
2023-09-14,0.6139370203018188,0.621749997138977,0.6078889966011047,0.6100879907608032,13702248
2023-09-15,0.6103280186653137,0.635004997253418,0.6078699827194214,0.6322680115699768,11953398
2023-09-16,0.632207989692688,0.6460559964179993,0.6279360055923462,0.6339370012283325,12204104
2023-09-17,0.6339229941368103,0.6339229941368103,0.6095420122146606,0.6180070042610168,11169974
2023-09-18,0.6180019974708557,0.6443859934806824,0.6111879944801331,0.6196069717407227,13616810
2023-09-19,0.6196230053901672,0.6289299726486206,0.6148710250854492,0.6229360103607178,11385100
2023-09-20,0.6228790283203125,0.6262109875679016,0.6065340042114258,0.6106039881706238,11502574
2023-09-21,0.6106389760971069,0.6174619793891907,0.5976120233535767,0.604420006275177,34445454
2023-09-22,0.6043959856033325,0.6172230243682861,0.6022160053253174,0.6152259707450867,9012013
2023-09-23,0.615149974822998,0.6197980046272278,0.5863909721374512,0.5864710211753845,10565995
2023-09-24,0.5864080190658569,0.5938540101051331,0.5798060297966003,0.5812879800796509,13032440
2023-09-25,0.5813120007514954,0.5954030156135559,0.5776230096817017,0.5912650227546692,10351181
2023-09-26,0.5912789702415466,0.5933769941329956,0.580606997013092,0.5859519839286804,8093860
2023-09-27,0.5859709978103638,0.5973219871520996,0.5740270018577576,0.5790190100669861,9263121
2023-09-28,0.5789890289306641,0.6009870171546936,0.5788940191268921,0.5925170183181763,10474220
2023-09-29,0.5925700068473816,0.6010770201683044,0.5860540270805359,0.5902029871940613,10114974
2023-09-30,0.5901640057563782,0.606656014919281,0.58924400806427,0.6005679965019226,7356299
2023-10-01,0.6005719900131226,0.6255130171775818,0.5996080040931702,0.6202710270881653,11523621
2023-10-02,0.6202419996261597,0.622825026512146,0.5873100161552429,0.5926110148429871,15412555
2023-10-03,0.592503011226654,0.5996249914169312,0.5828689932823181,0.584263026714325,15409149
2023-10-04,0.5841919779777527,0.5841919779777527,0.5681260228157043,0.5775079727172852,15983269
2023-10-05,0.5775169730186462,0.5794259905815125,0.5584570169448853,0.5616719722747803,13930290
2023-10-06,0.561601996421814,0.5819399952888489,0.5612840056419373,0.5781769752502441,15205460
2023-10-07,0.5781750082969666,0.581508994102478,0.5729069709777832,0.5760700106620789,9372035
2023-10-08,0.5760869979858398,0.577593982219696,0.5680379867553711,0.5758410096168518,8164027
2023-10-09,0.5757619738578796,0.5773469805717468,0.5400050282478333,0.5476850271224976,14367529
2023-10-10,0.5476620197296143,0.5489040017127991,0.5317569971084595,0.5352429747581482,19566053
2023-10-11,0.5352450013160706,0.5416510105133057,0.5283839702606201,0.5378599762916565,12293870
2023-10-12,0.5378890037536621,0.5422729849815369,0.5329880118370056,0.5411970019340515,11822953
2023-10-13,0.5412089824676514,0.5464079976081848,0.5375419855117798,0.5418360233306885,8906576
2023-10-14,0.5418149828910828,0.5464509725570679,0.5407879948616028,0.5428479909896851,4865528
2023-10-15,0.5428580045700073,0.5514640212059021,0.5405660271644592,0.547806978225708,9541291
2023-10-16,0.5478180050849915,0.5645459890365601,0.5478180050849915,0.5540140271186829,11555288
2023-10-17,0.5539829730987549,0.5568060278892517,0.5397650003433228,0.54230797290802,10951337
2023-10-18,0.5422869920730591,0.5451819896697998,0.5311440229415894,0.5311790108680725,8119455
2023-10-19,0.5311470031738281,0.5327119827270508,0.5247439742088318,0.5304449796676636,10021330
2023-10-20,0.5304449796676636,0.5579659938812256,0.5289729833602905,0.5566440224647522,11428657
2023-10-21,0.5566329956054688,0.5781430006027222,0.5535449981689453,0.5701199769973755,9708437
2023-10-22,0.5701199769973755,0.5802500247955322,0.5649279952049255,0.5689899921417236,14094330
2023-10-23,0.5700479745864868,0.605434000492096,0.5682910084724426,0.597557008266449,26168122
2023-10-24,0.5975120067596436,0.6195849776268005,0.5916849970817566,0.6098350286483765,28568476
2023-10-25,0.6099539995193481,0.6256030201911926,0.5983120203018188,0.6123679876327515,19597883
2023-10-26,0.6124250292778015,0.6356779932975769,0.5968000292778015,0.6132010221481323,22641339
2023-10-27,0.6132479906082153,0.6166149973869324,0.5986670255661011,0.6081460118293762,14802604
2023-10-28,0.6081420183181763,0.6269850134849548,0.6071869730949402,0.6226599812507629,11667935
2023-10-29,0.6226230263710022,0.640995979309082,0.6144739985466003,0.6352260112762451,11297201
2023-10-30,0.6352609992027283,0.6549630165100098,0.6314820051193237,0.6465839743614197,17051075
2023-10-31,0.6466079950332642,0.7841020226478577,0.6427500247955322,0.7700560092926025,96703217
2023-11-01,0.7699519991874695,1.2073899507522583,0.7606679797172546,1.1473360061645508,259057193
2023-11-02,1.146939992904663,1.2683969736099243,0.995173990726471,1.0432389974594116,268956806
2023-11-03,1.0432219505310059,1.2665209770202637,1.0080980062484741,1.053197979927063,218088910
2023-11-04,1.0531779527664185,1.1388200521469116,1.0431289672851562,1.0828289985656738,92999459
2023-11-05,1.0829130411148071,1.0829130411148071,0.9800220131874084,0.9852589964866638,79925958
2023-11-06,0.9852449893951416,1.0212509632110596,0.982030987739563,1.0126450061798096,55993162
2023-11-07,1.012665033340454,1.012727975845337,0.9289799928665161,0.9609659910202026,64457681
2023-11-08,0.9608740210533142,1.089609980583191,0.9473980069160461,1.011795997619629,79399702
2023-11-09,1.011544942855835,1.0362670421600342,0.8761739730834961,0.9217529892921448,98344678
2023-11-10,0.921550989151001,0.99965500831604,0.9126319885253906,0.99965500831604,73671347
2023-11-11,0.9995880126953125,1.0425000190734863,0.9612119793891907,1.0049329996109009,93127254
2023-11-12,1.0049129724502563,1.0962649583816528,0.9551680088043213,1.0777620077133179,75209810
2023-11-13,1.0795379877090454,1.1066080331802368,0.9725689888000488,0.9725689888000488,93203979
2023-11-14,0.972275972366333,0.9785869717597961,0.8978710174560547,0.9332749843597412,60124628
2023-11-15,0.933447003364563,1.0387909412384033,0.9328039884567261,1.0243550539016724,70658402
2023-11-16,1.024211049079895,1.2147480249404907,1.00239098072052,1.2124040126800537,184457076
2023-11-17,1.2128249406814575,1.2128249406814575,0.991104006767273,1.0229649543762207,141157247
2023-11-18,1.0232230424880981,1.0261809825897217,0.9455000162124634,0.9922720193862915,54782994
2023-11-19,0.9923210144042969,1.0923889875411987,0.9740549921989441,1.0922420024871826,51707145
2023-11-20,1.092121958732605,1.0966750383377075,1.0573389530181885,1.0614310503005981,75827894
2023-11-21,1.0613930225372314,1.1150319576263428,0.9471790194511414,0.9584680199623108,98913124
2023-11-22,0.9577919840812683,1.1223859786987305,0.9510849714279175,1.088765025138855,88193048
2023-11-23,1.0886919498443604,1.2841349840164185,1.0782560110092163,1.2431999444961548,146789469
2023-11-24,1.2431010007858276,1.2818670272827148,1.1831799745559692,1.2059600353240967,113670684
2023-11-25,1.2060480117797852,1.3604300022125244,1.1948930025100708,1.214331030845642,139807097
2023-11-26,1.214326024055481,1.2665430307388306,1.17317795753479,1.1899869441986084,77108270
2023-11-27,1.190011978149414,1.2274140119552612,1.1330610513687134,1.2272340059280396,60649126
2023-11-28,1.227126955986023,1.2805620431900024,1.1882489919662476,1.2369660139083862,89402263
2023-11-29,1.2368650436401367,1.271162986755371,1.178989052772522,1.197909951210022,51554756
2023-11-30,1.1979340314865112,1.2784279584884644,1.181123971939087,1.2730599641799927,78167411
2023-12-01,1.273764967918396,1.3092089891433716,1.2332229614257812,1.2365690469741821,57876436
2023-12-02,1.2365189790725708,1.334844946861267,1.2334710359573364,1.2703039646148682,71983239
2023-12-03,1.270380973815918,1.3156399726867676,1.2136650085449219,1.3156399726867676,79469587
2023-12-04,1.315317988395691,1.418544054031372,1.2590069770812988,1.4099810123443604,228488468
2023-12-05,1.4100010395050049,1.486814022064209,1.3283170461654663,1.363332986831665,93032293
2023-12-06,1.3635159730911255,1.4191139936447144,1.2937289476394653,1.2983900308609009,77933441
2023-12-07,1.2987090349197388,1.3385180234909058,1.2597099542617798,1.3167699575424194,54010211
2023-12-08,1.316890001296997,1.3540689945220947,1.2834800481796265,1.3225090503692627,69397237
2023-12-09,1.3225560188293457,1.3702720403671265,1.3020919561386108,1.3021459579467773,61819259
2023-12-10,1.302170991897583,1.3574860095977783,1.2943220138549805,1.342790961265564,53488959
2023-12-11,1.3428210020065308,1.3516429662704468,1.1781680583953857,1.2077139616012573,68576197
2023-12-12,1.207738995552063,1.2404119968414307,1.183701992034912,1.2064779996871948,42514207
2023-12-13,1.2063430547714233,1.2196799516677856,1.153102993965149,1.2085269689559937,46136077
2023-12-14,1.208441972732544,1.2273139953613281,1.1471819877624512,1.1911009550094604,70558972
2023-12-15,1.1910640001296997,1.1910640001296997,1.1328469514846802,1.1330070495605469,38197957
2023-12-16,1.1330369710922241,1.2010940313339233,1.1281830072402954,1.1875189542770386,37552376
2023-12-17,1.1874630451202393,1.2022639513015747,1.1592539548873901,1.163275957107544,36880820
2023-12-18,1.1632080078125,1.1721210479736328,1.0769000053405762,1.1257989406585693,44268893
2023-12-19,1.1260650157928467,1.1445059776306152,1.0957789421081543,1.1105730533599854,30751161
2023-12-20,1.1105740070343018,1.155938982963562,1.1034469604492188,1.113103985786438,32662315
2023-12-21,1.1131960153579712,1.1874459981918335,1.1023499965667725,1.185238003730774,42330149
2023-12-22,1.1849249601364136,1.2221330404281616,1.1711820363998413,1.21014404296875,48530026
2023-12-23,1.2101609706878662,1.221101999282837,1.163246989250183,1.2200590372085571,34886042
2023-12-24,1.2204630374908447,1.2712080478668213,1.1932200193405151,1.2068049907684326,61593841
2023-12-25,1.206868052482605,1.2705039978027344,1.2025200128555298,1.2504750490188599,43590696
2023-12-26,1.2505079507827759,1.309785008430481,1.199049949645996,1.261003017425537,103504780
2023-12-27,1.2610570192337036,1.2811239957809448,1.2072620391845703,1.246809959411621,54192726
2023-12-28,1.2469600439071655,1.3295259475708008,1.2469600439071655,1.312054991722107,98601274
2023-12-29,1.3120490312576294,1.3315889835357666,1.2631380558013916,1.2777889966964722,67815188
2023-12-30,1.2777680158615112,1.4079370498657227,1.273848056793213,1.3875089883804321,77137567
2023-12-31,1.3871999979019165,1.3871999979019165,1.244493007659912,1.252629041671753,51113244
2024-01-01,1.2523720264434814,1.387760043144226,1.2316900491714478,1.3791520595550537,53999086
2024-01-02,1.3784780502319336,1.382493019104004,1.2800730466842651,1.2853970527648926,47330137
2024-01-03,1.2854399681091309,1.3208320140838623,1.085453987121582,1.1330360174179077,69748630
2024-01-04,1.1331590414047241,1.1728299856185913,1.1247210502624512,1.141677975654602,47075014
2024-01-05,1.1416460275650024,1.1539839506149292,1.0652899742126465,1.0983999967575073,55149366
2024-01-06,1.0984710454940796,1.0989580154418945,1.0340509414672852,1.0684330463409424,38063975
2024-01-07,1.0684560537338257,1.0878410339355469,1.0163029432296753,1.0201799869537354,31384340
2024-01-08,1.0202239751815796,1.1035929918289185,0.9538040161132812,1.0984770059585571,45528941
2024-01-09,1.0988919734954834,1.1059620380401611,1.0223950147628784,1.0799609422683716,43260016
2024-01-10,1.0798280239105225,1.1927310228347778,1.0636659860610962,1.1681909561157227,54769367
2024-01-11,1.1684659719467163,1.2202810049057007,1.1496729850769043,1.173261046409607,54104123
2024-01-12,1.1729990243911743,1.2104090452194214,1.0877389907836914,1.1151020526885986,48754645
2024-01-13,1.1149489879608154,1.1181550025939941,1.0792540311813354,1.1056309938430786,27978694
2024-01-14,1.1056350469589233,1.117684006690979,1.067255973815918,1.067330002784729,24253891
2024-01-15,1.0673619508743286,1.1072909832000732,1.066038966178894,1.0815980434417725,31651057
2024-01-16,1.0814650058746338,1.1166670322418213,1.0745600461959839,1.107408046722412,27405033
2024-01-17,1.1073540449142456,1.1178380250930786,1.0844019651412964,1.1052219867706299,26135018
2024-01-18,1.1051379442214966,1.1320879459381104,1.0161559581756592,1.0322400331497192,38729853
2024-01-19,1.0323729515075684,1.0721540451049805,1.0048810243606567,1.0721540451049805,35588947
2024-01-20,1.0721930265426636,1.1738500595092773,1.0576139688491821,1.152698040008545,51145439
2024-01-21,1.1527719497680664,1.2056200504302979,1.1414140462875366,1.1566120386123657,47034091
2024-01-22,1.1571459770202637,1.1776469945907593,1.0498239994049072,1.0759700536727905,42247158
2024-01-23,1.0760270357131958,1.1057690382003784,1.0075589418411255,1.0565749406814575,42887398
2024-01-24,1.056717038154602,1.0839979648590088,1.0461790561676025,1.067559003829956,25107437
2024-01-25,1.0675909519195557,1.0879230499267578,1.0454039573669434,1.0878770351409912,23444144
2024-01-26,1.0879069566726685,1.1054450273513794,1.0785679817199707,1.1001460552215576,24698919
2024-01-27,1.1001299619674683,1.1175800561904907,1.0897200107574463,1.115278959274292,19988718
2024-01-28,1.1154229640960693,1.1383440494537354,1.0824929475784302,1.0911790132522583,22186505
2024-01-29,1.0911649465560913,1.1346830129623413,1.08673894405365,1.1257749795913696,24107039
2024-01-30,1.1257749795913696,1.1400150060653687,1.1011450290679932,1.1046030521392822,25300864
2024-01-31,1.1045559644699097,1.1076010465621948,1.050117015838623,1.0559229850769043,25523064
2024-02-01,1.0558539628982544,1.0671240091323853,1.0405960083007812,1.0604909658432007,21949462
2024-02-02,1.0605119466781616,1.1093369722366333,1.0605119466781616,1.1089659929275513,22227310
2024-02-03,1.1089340448379517,1.1191660165786743,1.087833046913147,1.1029950380325317,17755728
2024-02-04,1.1030069589614868,1.1037709712982178,1.0480560064315796,1.0498820543289185,18838174
2024-02-05,1.0499939918518066,1.0719499588012695,1.034430980682373,1.0625489950180054,18642103
2024-02-06,1.0627050399780273,1.074107050895691,1.0518319606781006,1.0685269832611084,16502259
2024-02-07,1.068537950515747,1.1078749895095825,1.0627919435501099,1.103754997253418,16319343
2024-02-08,1.1037620306015015,1.1164679527282715,1.0920319557189941,1.1064660549163818,17553821
2024-02-09,1.1061760187149048,1.1585299968719482,1.1051210165023804,1.1426169872283936,36659539
2024-02-10,1.1425319910049438,1.1706160306930542,1.1340930461883545,1.1425219774246216,21081785
2024-02-11,1.1425100564956665,1.157776951789856,1.1216349601745605,1.1265419721603394,16928613
2024-02-12,1.1265850067138672,1.1835730075836182,1.1079299449920654,1.1821550130844116,27730994
2024-02-13,1.1821680068969727,1.2089489698410034,1.1541359424591064,1.1850249767303467,39489297
2024-02-14,1.1849939823150635,1.2267580032348633,1.1698280572891235,1.2086609601974487,33782657
2024-02-15,1.2086600065231323,1.3082870244979858,1.1955300569534302,1.3078689575195312,54168363
2024-02-16,1.307955026626587,1.3478800058364868,1.248661994934082,1.2704869508743286,66058247
2024-02-17,1.2704969644546509,1.2827600240707397,1.2025879621505737,1.2420469522476196,34721977
2024-02-18,1.2420270442962646,1.276244044303894,1.2395789623260498,1.2586569786071777,26771316
2024-02-19,1.2587289810180664,1.3145049810409546,1.2405389547348022,1.3003489971160889,44161175
2024-02-20,1.3003339767456055,1.3379310369491577,1.2312010526657104,1.3062800168991089,73322513
2024-02-21,1.3063240051269531,1.3155070543289185,1.211940050125122,1.2572859525680542,38373844
2024-02-22,1.2572120428085327,1.4741439819335938,1.2211869955062866,1.2975480556488037,106762424
2024-02-23,1.297476053237915,1.5455039739608765,1.2613049745559692,1.478742003440857,216547350
2024-02-24,1.4791339635849,1.8514569997787476,1.4718689918518066,1.6661080121994019,376863955
2024-02-25,1.6662019491195679,1.675426959991455,1.5721739530563354,1.60738205909729,95316917
2024-02-26,1.6084669828414917,1.6861610412597656,1.5307849645614624,1.57041597366333,92322746
2024-02-27,1.5700769424438477,1.6077320575714111,1.5072269439697266,1.5403449535369873,76021927
2024-02-28,1.5400559902191162,1.5818150043487549,1.385424017906189,1.4959189891815186,111419861
2024-02-29,1.4955569505691528,1.6333119869232178,1.4761650562286377,1.5254230499267578,107365850
2024-03-01,1.525352954864502,1.6108969449996948,1.503957986831665,1.6068609952926636,68095821
2024-03-02,1.6069979667663574,1.734071969985962,1.5664230585098267,1.734071969985962,106249836
2024-03-03,1.7339999675750732,1.7995070219039917,1.6413389444351196,1.7625069618225098,106572745
2024-03-04,1.7623440027236938,1.8183929920196533,1.6204229593276978,1.695647954940796,101521146
2024-03-05,1.695788025856018,1.8557159900665283,1.4421149492263794,1.7038769721984863,171008126
2024-03-06,1.7037580013275146,2.130474090576172,1.6142549514770508,1.8963589668273926,229592440
2024-03-07,1.8963589668273926,2.0201659202575684,1.8324919939041138,2.0089540481567383,92592860
2024-03-08,2.0089409351348877,2.0343329906463623,1.8975969552993774,1.9609390497207642,92788191
2024-03-09,1.9609390497207642,2.0099899768829346,1.9274779558181763,1.9573639631271362,60634150
2024-03-10,1.9573659896850586,2.1360421180725098,1.9459749460220337,2.0089800357818604,114186152
2024-03-11,2.008985996246338,2.0805869102478027,1.9115220308303833,2.073275089263916,89034810
2024-03-12,2.073275089263916,2.078425884246826,1.8924590349197388,2.0591650009155273,86322676
2024-03-13,2.0591650009155273,2.1372909545898438,1.9293880462646484,2.065764904022217,95253833
2024-03-14,2.065764904022217,2.099677085876465,1.912829041481018,2.0297670364379883,97407964
2024-03-15,2.0297670364379883,2.0774550437927246,1.8045510053634644,1.956176996231079,125282750
2024-03-16,1.956176996231079,2.0275650024414062,1.7277530431747437,1.761657953262329,107028475
2024-03-17,1.761659026145935,1.8353049755096436,1.6846660375595093,1.819720983505249,64354313
2024-03-18,1.7861989736557007,1.7872450351715088,1.6069869995117188,1.669103980064392,68112270
2024-03-19,1.669103980064392,1.704704999923706,1.5040370225906372,1.5467640161514282,66947212
2024-03-20,1.5467640161514282,1.7664380073547363,1.5059159994125366,1.7479770183563232,57640846
2024-03-21,1.7479770183563232,1.765207052230835,1.686607003211975,1.7242300510406494,39371124
2024-03-22,1.7242339849472046,1.7408980131149292,1.6250660419464111,1.6946690082550049,45154717
2024-03-23,1.6946690082550049,1.7151349782943726,1.665814995765686,1.6662509441375732,35628622
2024-03-24,1.6662509441375732,1.7142610549926758,1.6508569717407227,1.7076900005340576,26100855
2024-03-25,1.7076900005340576,1.786831021308899,1.694419026374817,1.7727140188217163,37400344
2024-03-26,1.7727240324020386,1.8272370100021362,1.7618440389633179,1.8087040185928345,49038555
2024-03-27,1.8087040185928345,1.8193269968032837,1.716040015220642,1.7832759618759155,45978376
2024-03-28,1.7832759618759155,1.8464369773864746,1.7225769758224487,1.824267029762268,47196469
2024-03-29,1.824267029762268,1.8839329481124878,1.8142969608306885,1.8748459815979004,51362865
2024-03-30,1.874845027923584,1.921004056930542,1.8172160387039185,1.8301759958267212,37285908
2024-03-31,1.8301759958267212,1.921975016593933,1.825307011604309,1.8880709409713745,29153563
2024-04-01,1.8880690336227417,1.8982549905776978,1.7659410238265991,1.8164780139923096,44419164
2024-04-02,1.8164780139923096,1.8165240287780762,1.6217819452285767,1.6343129873275757,47039756
2024-04-03,1.6343129873275757,1.6538300514221191,1.56210196018219,1.5814789533615112,34166532
2024-04-04,1.5814789533615112,1.6243879795074463,1.5213899612426758,1.5772019624710083,38184637
2024-04-05,1.5772019624710083,1.5778330564498901,1.4853509664535522,1.5572700500488281,37424086
2024-04-06,1.5572700500488281,1.596058964729309,1.5538829565048218,1.5806759595870972,19727940
2024-04-07,1.5806759595870972,1.6047680377960205,1.5750600099563599,1.6036720275878906,26983156
2024-04-08,1.6036720275878906,1.7036819458007812,1.5795379877090454,1.7002209424972534,35574546
2024-04-09,1.7002209424972534,1.7089890241622925,1.5820260047912598,1.58884596824646,36716852
2024-04-10,1.58884596824646,1.59300696849823,1.4964649677276611,1.5227960348129272,37296852
2024-04-11,1.5227960348129272,1.5262140035629272,1.4093199968338013,1.4093199968338013,42910507
2024-04-12,1.4093199968338013,1.4124350547790527,1.0457470417022705,1.1055339574813843,93325536
2024-04-13,1.1055339574813843,1.1229259967803955,0.7774540185928345,0.9251180291175842,121706904
2024-04-14,0.9251180291175842,1.016471028327942,0.8902789950370789,1.004248023033142,72406187
2024-04-15,1.004248023033142,1.0605449676513672,0.9461950063705444,0.9623270034790039,51465589
2024-04-16,0.9623270034790039,0.9869480133056641,0.9261279702186584,0.9697800278663635,36916809
2024-04-17,0.9697790145874023,0.9830189943313599,0.9136260151863098,0.9461470246315002,31344380
2024-04-18,0.9461470246315002,0.9898939728736877,0.9228379726409912,0.9687520265579224,31710282
2024-04-19,0.9687520265579224,0.9687520265579224,0.875527024269104,0.9394580125808716,52445818
2024-04-20,0.9394590258598328,1.057886004447937,0.925370991230011,1.0537060499191284,28756814
2024-04-21,1.0537060499191284,1.058413028717041,1.0152260065078735,1.0210829973220825,24869586
2024-04-22,1.021077036857605,1.06386399269104,1.0174609422683716,1.0504130125045776,26053781
2024-04-23,1.0504130125045776,1.0626989603042603,1.019747018814087,1.0266120433807373,26055172
2024-04-24,1.0266120433807373,1.0765780210494995,0.9824690222740173,0.9944019913673401,38549576
2024-04-25,0.9944199919700623,1.0547200441360474,0.9628049731254578,1.0297470092773438,36115585
2024-04-26,1.0297470092773438,1.0416189432144165,1.0031969547271729,1.0137510299682617,36842027
2024-04-27,1.0137510299682617,1.0359070301055908,0.9843950271606445,1.025560975074768,30351671
2024-04-28,1.025560975074768,1.0620030164718628,1.0223519802093506,1.0304169654846191,22919750
2024-04-29,1.0304169654846191,1.049757957458496,0.9906569719314575,1.017529010772705,28586936
2024-04-30,1.0175310373306274,1.0311030149459839,0.9225530028343201,0.9519649744033813,32103592
2024-05-01,0.9519649744033813,0.9848290085792542,0.904233992099762,0.9817749857902527,44112495
2024-05-02,0.9817749857902527,1.036641001701355,0.9546470046043396,1.021314024925232,28711708
2024-05-03,1.021314024925232,1.0871479511260986,1.0021400451660156,1.0741440057754517,25592077
2024-05-04,1.0741980075836182,1.0770920515060425,1.0509639978408813,1.0563139915466309,20458803
2024-05-05,1.0563139915466309,1.0896339416503906,1.0348390340805054,1.0702409744262695,24355050
2024-05-06,1.0702420473098755,1.0928659439086914,1.0288020372390747,1.0305229425430298,27155791
2024-05-07,1.0305229425430298,1.0443459749221802,0.999701976776123,1.0093549489974976,28296801
2024-05-08,1.0093580484390259,1.058514952659607,0.9993550181388855,1.0403170585632324,32172694
2024-05-09,1.0403170585632324,1.1397500038146973,1.0184600353240967,1.1394879817962646,33130416
2024-05-10,1.1394939422607422,1.1836719512939453,1.050650954246521,1.0603679418563843,54170185
2024-05-11,1.0603679418563843,1.075212001800537,1.0353080034255981,1.0363149642944336,21130157
2024-05-12,1.0363140106201172,1.1244759559631348,1.028588056564331,1.0737160444259644,25947991
2024-05-13,1.0737160444259644,1.0931830406188965,1.025900959968567,1.043997049331665,32113286
2024-05-14,1.043997049331665,1.0577830076217651,0.9899119734764099,0.995356023311615,27528110
2024-05-15,0.9953569769859314,1.1438080072402954,0.9920510053634644,1.1278549432754517,35553490
2024-05-16,1.1278729438781738,1.138545036315918,1.0764490365982056,1.0982170104980469,35584729
2024-05-17,1.0982170104980469,1.1433900594711304,1.0853960514068604,1.1222280263900757,27526784
2024-05-18,1.1222280263900757,1.1264419555664062,1.0937230587005615,1.105357050895691,24823595
2024-05-19,1.1053580045700073,1.1109579801559448,1.0455700159072876,1.0494259595870972,21693242
2024-05-20,1.0494259595870972,1.2004590034484863,1.0393949747085571,1.198889970779419,42602689
2024-05-21,1.1988840103149414,1.2357120513916016,1.1848729848861694,1.2088370323181152,45722130
2024-05-22,1.2088370323181152,1.2219899892807007,1.1699490547180176,1.1959199905395508,31384513
2024-05-23,1.1959199905395508,1.2645750045776367,1.1093759536743164,1.1865910291671753,64044058
2024-05-24,1.1865910291671753,1.2502830028533936,1.1561089754104614,1.2194550037384033,52013068
2024-05-25,1.2194570302963257,1.3081190586090088,1.215620994567871,1.2741329669952393,67215553
2024-05-26,1.2741329669952393,1.3112510442733765,1.2318259477615356,1.2713390588760376,38775672
2024-05-27,1.2713390588760376,1.297111988067627,1.2345470190048218,1.2551519870758057,37076521
2024-05-28,1.2551519870758057,1.269623041152954,1.1880069971084595,1.241137981414795,51847123
2024-05-29,1.241137981414795,1.2600539922714233,1.1789460182189941,1.179198980331421,39805908
2024-05-30,1.179198980331421,1.2138539552688599,1.1616029739379883,1.1722170114517212,29677383
2024-05-31,1.1722170114517212,1.1916669607162476,1.141476035118103,1.1615480184555054,29320163
2024-06-01,1.1615480184555054,1.1821119785308838,1.1575549840927124,1.172234058380127,18585504
2024-06-02,1.172234058380127,1.1897330284118652,1.115373969078064,1.1206949949264526,25232703
2024-06-03,1.120695948600769,1.1681519746780396,1.1111899614334106,1.1174039840698242,29378772
2024-06-04,1.1174039840698242,1.2160520553588867,1.107010006904602,1.1895270347595215,45231258
2024-06-05,1.1895270347595215,1.2132049798965454,1.1614749431610107,1.211426019668579,32503962
2024-06-06,1.211426019668579,1.2266550064086914,1.1590379476547241,1.1797560453414917,33072860
2024-06-07,1.1797560453414917,1.1870980262756348,0.9920759797096252,1.0661269426345825,47741709
2024-06-08,1.065837025642395,1.0762310028076172,1.0219980478286743,1.0319980382919312,29153190
2024-06-09,1.0319880247116089,1.050915002822876,1.0220530033111572,1.0417670011520386,19151490
2024-06-10,1.0418610572814941,1.0604000091552734,1.020158052444458,1.0300270318984985,25684215
2024-06-11,1.030122995376587,1.0337400436401367,0.9337400197982788,0.9532099962234497,33838349
2024-06-12,0.9533479809761047,1.032999038696289,0.9371140003204346,0.9997159838676453,27461139
2024-06-13,0.9997529983520508,1.0044020414352417,0.9539600014686584,0.9608039855957031,21981430
2024-06-14,0.9607759714126587,0.9952200055122375,0.9014559984207153,0.9217730164527893,31402625
2024-06-15,0.9219509959220886,0.9690290093421936,0.9219509959220886,0.9586549997329712,18110807
2024-06-16,0.9586889743804932,0.9593939781188965,0.9373540282249451,0.9456779956817627,14480661
2024-06-17,0.9457880258560181,0.9477459788322449,0.8573099970817566,0.8862299919128418,26455470
2024-06-18,0.886231005191803,0.8867059946060181,0.7686079740524292,0.8114389777183533,35055677
2024-06-19,0.8113840222358704,0.844124972820282,0.8007839918136597,0.8309869766235352,21143274
2024-06-20,0.8309869766235352,0.8674690127372742,0.8109869956970215,0.8194389939308167,19039004
2024-06-21,0.8194440007209778,0.8280730247497559,0.8019030094146729,0.8078050017356873,16627484
2024-06-22,0.8080840110778809,0.8143829703330994,0.7941740155220032,0.8044670224189758,11045328
2024-06-23,0.8044350147247314,0.8181930184364319,0.7846829891204834,0.7863659858703613,11554074
2024-06-24,0.7863960266113281,0.8187490105628967,0.7607079744338989,0.8169599771499634,24274074
2024-06-25,0.8170199990272522,0.847350001335144,0.8105109930038452,0.8422020077705383,14975560
2024-06-26,0.8422560095787048,0.8499150276184082,0.816245973110199,0.8275889754295349,14464472
2024-06-27,0.8276039958000183,0.8520410060882568,0.8141999840736389,0.8513169884681702,14600051
2024-06-28,0.8513240218162537,0.8624860048294067,0.8269479870796204,0.8273940086364746,15384656
2024-06-29,0.8274329900741577,0.8345659971237183,0.8006669878959656,0.8012170195579529,9385328
2024-06-30,0.8012059926986694,0.8425650000572205,0.7969859838485718,0.8369280099868774,12673233
2024-07-01,0.8369140028953552,0.8555070161819458,0.8218730092048645,0.8280699849128723,15147327
2024-07-02,0.8280479907989502,0.8514620065689087,0.820563018321991,0.8373609781265259,14752234
2024-07-03,0.8373889923095703,0.8419740200042725,0.7897700071334839,0.7984780073165894,17743960
2024-07-04,0.7983930110931396,0.8040729761123657,0.6428999900817871,0.6441770195960999,64079512
2024-07-05,0.6440150141716003,0.6597560048103333,0.5805169939994812,0.6521070003509521,42659080
2024-07-06,0.652114987373352,0.7021629810333252,0.6438530087471008,0.6960960030555725,19400477
2024-07-07,0.6960819959640503,0.6960819959640503,0.6351550221443176,0.6379740238189697,15569706
2024-07-08,0.6380659937858582,0.6809470057487488,0.6119499802589417,0.6609110236167908,22564599
2024-07-09,0.6607769727706909,0.6931679844856262,0.6560189723968506,0.6923750042915344,14864271
2024-07-10,0.6922810077667236,0.7027879953384399,0.6799370050430298,0.6948530077934265,15329575
2024-07-11,0.6947879791259766,0.7158010005950928,0.6725599765777588,0.6736220121383667,13684638
2024-07-12,0.6736249923706055,0.697458028793335,0.6677460074424744,0.6932420134544373,12174682
2024-07-13,0.6932579874992371,0.6999220252037048,0.6746799945831299,0.6845170259475708,12442718
2024-07-14,0.6845300197601318,0.7352150082588196,0.6845300197601318,0.7292919754981995,13612584
2024-07-15,0.7286459803581238,0.7543659806251526,0.7139480113983154,0.7523450255393982,25115488
2024-07-16,0.7520149946212769,0.7621449828147888,0.712323009967804,0.7353879809379578,28532317
2024-07-17,0.7353960275650024,0.7523980140686035,0.7207859754562378,0.7244240045547485,23773311
2024-07-18,0.7244139909744263,0.7503880262374878,0.6982420086860657,0.7117720246315002,22166983
2024-07-19,0.711762011051178,0.7493669986724854,0.7003309726715088,0.7469000220298767,17862730
2024-07-20,0.7468979954719543,0.7543669939041138,0.7380369901657104,0.7456369996070862,14298200
2024-07-21,0.7456380128860474,0.7586669921875,0.7094730138778687,0.7578970193862915,22925365
2024-07-22,0.757951021194458,0.7614910006523132,0.7181959748268127,0.7194550037384033,27033205
2024-07-23,0.7194550037384033,0.7363590002059937,0.6913080215454102,0.6987379789352417,17783452
2024-07-24,0.698731005191803,0.7095230221748352,0.6823779940605164,0.6871089935302734,15937122
2024-07-25,0.6870800256729126,0.6902620196342468,0.6568470001220703,0.6821240186691284,19305906
2024-07-26,0.6820970177650452,0.7165769934654236,0.6802499890327454,0.7164919972419739,12302747
2024-07-27,0.7164919972419739,0.7277910113334656,0.7036970257759094,0.7181130051612854,12274487
2024-07-28,0.7181130051612854,0.7181190252304077,0.6905800104141235,0.6953889727592468,10814561
2024-07-29,0.6953889727592468,0.7304040193557739,0.6953840255737305,0.7002400159835815,14540312
2024-07-30,0.7002400159835815,0.7109509706497192,0.6786370277404785,0.689208984375,12705610
2024-07-31,0.6891970038414001,0.7003589868545532,0.6638839840888977,0.6690449714660645,14365893
2024-08-01,0.6690449714660645,0.6721010208129883,0.6067360043525696,0.6468570232391357,19714343
2024-08-02,0.6468570232391357,0.6518930196762085,0.6012229919433594,0.6126790046691895,19141516
2024-08-03,0.6126790046691895,0.6198279857635498,0.5797160267829895,0.5890039801597595,16620123
2024-08-04,0.5890030264854431,0.6020359992980957,0.5495569705963135,0.5537269711494446,17531167
2024-08-05,0.5537269711494446,0.5561010241508484,0.4532659947872162,0.5006240010261536,54300885
2024-08-06,0.5006219744682312,0.5433369874954224,0.4998379945755005,0.5310400128364563,19407548
2024-08-07,0.5310400128364563,0.5538089871406555,0.5181090235710144,0.5230469703674316,17938647
2024-08-08,0.5230479836463928,0.5910239815711975,0.5178009867668152,0.5903199911117554,15259743
2024-08-09,0.5903199911117554,0.5907909870147705,0.5725769996643066,0.5870550274848938,12090027
2024-08-10,0.5870550274848938,0.607496976852417,0.5770769715309143,0.5997920036315918,10059336
2024-08-11,0.599793016910553,0.6132100224494934,0.5735250115394592,0.5748130083084106,10827097
2024-08-12,0.5748130083084106,0.6100729703903198,0.5709760189056396,0.5995590090751648,14814414
2024-08-13,0.5995590090751648,0.600924015045166,0.5781869888305664,0.5936779975891113,19212824
2024-08-14,0.5936779975891113,0.6091870069503784,0.5894539952278137,0.5924080014228821,15559764
2024-08-15,0.5924080014228821,0.5963919758796692,0.5545639991760254,0.5625720024108887,13594663
2024-08-16,0.5625720024108887,0.5753859877586365,0.5566710233688354,0.566772997379303,12686652
2024-08-17,0.566772997379303,0.5687360167503357,0.5573220252990723,0.5687239766120911,9855441
2024-08-18,0.5687239766120911,0.572297990322113,0.5517650246620178,0.5591610074043274,11601188
2024-08-19,0.5591610074043274,0.572475016117096,0.554373025894165,0.5706200003623962,10534368
2024-08-20,0.5706200003623962,0.5954440236091614,0.5704889893531799,0.58753502368927,12808402
2024-08-21,0.5870389938354492,0.6297670006752014,0.5788249969482422,0.6166719794273376,15298341
2024-08-22,0.6166719794273376,0.6230630278587341,0.6049900054931641,0.6213560104370117,10480151
2024-08-23,0.6213560104370117,0.6742609739303589,0.6203650236129761,0.6695899963378906,15820599
2024-08-24,0.6695899963378906,0.6810349822044373,0.6628550291061401,0.6713470220565796,11383497
2024-08-25,0.6713470220565796,0.676334023475647,0.6464390158653259,0.6641939878463745,12608404
2024-08-26,0.6641939878463745,0.6673960089683533,0.6168310046195984,0.6168460249900818,20335410
2024-08-27,0.6168460249900818,0.6426230072975159,0.5830119848251343,0.5886620283126831,18553337
2024-08-28,0.5886620283126831,0.6053280234336853,0.5641570091247559,0.5755450129508972,19371519
2024-08-29,0.5755450129508972,0.5999019742012024,0.5677279829978943,0.5747280120849609,13527654
2024-08-30,0.5747380256652832,0.5856199860572815,0.5485129952430725,0.5675079822540283,14601891
2024-08-31,0.5675079822540283,0.5723209977149963,0.5553939938545227,0.5580999851226807,8497490
2024-09-01,0.5580999851226807,0.5607569813728333,0.5296329855918884,0.5334479808807373,11415164
2024-09-02,0.5334479808807373,0.5802810192108154,0.5318869948387146,0.573514997959137,17794463
2024-09-03,0.573514997959137,0.5843340158462524,0.5500569939613342,0.5500569939613342,13950051
2024-09-04,0.5500569939613342,0.6034489870071411,0.5322700142860413,0.5954130291938782,21269552
2024-09-05,0.5954130291938782,0.6042969822883606,0.5686990022659302,0.5742490291595459,15024995
2024-09-06,0.5742490291595459,0.5889719724655151,0.5394269824028015,0.5587859749794006,18797663
2024-09-07,0.5587859749794006,0.5734249949455261,0.553642988204956,0.5611540079116821,10654265
2024-09-08,0.5611540079116821,0.5769199728965759,0.5543580055236816,0.5697540044784546,11235044
2024-09-09,0.5697500109672546,0.6360059976577759,0.5670390129089355,0.6328819990158081,24594071
2024-09-10,0.6328819990158081,0.6329789757728577,0.6166020035743713,0.6254310011863708,13494243
2024-09-11,0.6254310011863708,0.6278330087661743,0.5943379998207092,0.6188459992408752,16602007
2024-09-12,0.6188459992408752,0.6627349853515625,0.6163780093193054,0.6624370217323303,22025009
2024-09-13,0.6624370217323303,0.665992021560669,0.6402050256729126,0.6521679759025574,16227103
2024-09-14,0.6521679759025574,0.6562780141830444,0.6433560252189636,0.6507390141487122,11169238
2024-09-15,0.6507390141487122,0.6618180274963379,0.6180480122566223,0.6226279735565186,11809942
2024-09-16,0.6226279735565186,0.6242960095405579,0.5959699749946594,0.5994579792022705,16305259
2024-09-17,0.5994579792022705,0.631417989730835,0.5959219932556152,0.6127359867095947,14467354
2024-09-18,0.6127359867095947,0.647038996219635,0.5929880142211914,0.647038996219635,17832456
2024-09-19,0.647038996219635,0.6776319742202759,0.647038996219635,0.6687650084495544,18945750
2024-09-20,0.6687650084495544,0.6965230107307434,0.6645470261573792,0.6914219856262207,18161847
2024-09-21,0.6914219856262207,0.7003800272941589,0.6790519952774048,0.696632981300354,10948286
2024-09-22,0.696632981300354,0.6991119980812073,0.6636959910392761,0.6840410232543945,14273759
2024-09-23,0.6840410232543945,0.706233024597168,0.6743019819259644,0.7039120197296143,16706189
2024-09-24,0.7039120197296143,0.7245590090751648,0.6931830048561096,0.7226359844207764,15409407
2024-09-25,0.7226359844207764,0.7295510172843933,0.701554000377655,0.7036200165748596,17712247
2024-09-26,0.7036200165748596,0.7541220188140869,0.6967610120773315,0.7452660202980042,22163219
2024-09-27,0.7452660202980042,0.8191840052604675,0.7416549921035767,0.8191840052604675,22867193
2024-09-28,0.8192610144615173,0.9218059778213501,0.8191999793052673,0.9135779738426208,94438290
2024-09-29,0.913578987121582,0.9252030253410339,0.8629950284957886,0.864234983921051,48385154
2024-09-30,0.864234983921051,0.8659089803695679,0.7960910201072693,0.8015120029449463,28823992
2024-10-01,0.8015120029449463,0.8185420036315918,0.7067409753799438,0.7102410197257996,38726315
2024-10-02,0.7102410197257996,0.7375810146331787,0.694146990776062,0.7038289904594421,27940778
2024-10-03,0.7038289904594421,0.7118129730224609,0.6775929927825928,0.6991090178489685,25482349
2024-10-04,0.6991090178489685,0.7486799955368042,0.6990950107574463,0.7367740273475647,24753600
2024-10-05,0.7367740273475647,0.7522159814834595,0.7300860285758972,0.7442589998245239,12903899
2024-10-06,0.7442589998245239,0.7593759894371033,0.736158013343811,0.7546039819717407,13016644
2024-10-07,0.7546039819717407,0.7797359824180603,0.7363759875297546,0.742792010307312,20684867
2024-10-08,0.742792010307312,0.7533270120620728,0.7221530079841614,0.7371450066566467,13510749
2024-10-09,0.7371450066566467,0.7481080293655396,0.7090299725532532,0.7183799743652344,12405331
2024-10-10,0.7183799743652344,0.776419997215271,0.7127419710159302,0.7763959765434265,29342816
2024-10-11,0.7763959765434265,0.7796450257301331,0.7442589998245239,0.7775729894638062,19915412
2024-10-12,0.7775729894638062,0.7826820015907288,0.7485340237617493,0.7682260274887085,19648120
2024-10-13,0.7682260274887085,0.7723100185394287,0.7259849905967712,0.7373849749565125,13383316
2024-10-14,0.7373849749565125,0.7946869730949402,0.7338860034942627,0.786424994468689,20420941
2024-10-15,0.786424994468689,0.7885649800300598,0.7340720295906067,0.7585769891738892,28097573
2024-10-16,0.7585769891738892,0.7650399804115295,0.7279859781265259,0.7290409803390503,15585026
2024-10-17,0.7290409803390503,0.7304120063781738,0.6741380095481873,0.6857870221138,26566248
2024-10-18,0.6857870221138,0.7190080285072327,0.6845920085906982,0.7190080285072327,16198006
2024-10-19,0.7190080285072327,0.7310969829559326,0.6941750049591064,0.7063680291175842,16735677
2024-10-20,0.7063680291175842,0.8444859981536865,0.6965230107307434,0.822733998298645,103846893
2024-10-21,0.822733998298645,0.8363159894943237,0.7566999793052673,0.7638049721717834,56125176
2024-10-22,0.7638049721717834,0.7785390019416809,0.7386260032653809,0.7483149766921997,33102077
2024-10-23,0.7482979893684387,0.7495980262756348,0.6936020255088806,0.7082930207252502,23170921
2024-10-24,0.7112939953804016,0.7481719851493835,0.7089909911155701,0.742842972278595,28139407
2024-10-25,0.742842972278595,0.7506240010261536,0.6590499877929688,0.6813600063323975,28672455
2024-10-26,0.6813600063323975,0.6994289755821228,0.6708139777183533,0.6829339861869812,18470737
2024-10-27,0.6829339861869812,0.7098219990730286,0.6800569891929626,0.7033990025520325,13337384
2024-10-28,0.7033990025520325,0.7094290256500244,0.6744059920310974,0.7016090154647827,20469678
2024-10-29,0.7016090154647827,0.7324039936065674,0.7009069919586182,0.7232450246810913,17562499
2024-10-30,0.7232450246810913,0.7431910037994385,0.71213698387146,0.7268970012664795,21977523
2024-10-31,0.7268949747085571,0.7281849980354309,0.6787930130958557,0.6831499934196472,14035048
2024-11-01,0.6831499934196472,0.6958900094032288,0.6610680222511292,0.671995997428894,15150163
2024-11-02,0.671995997428894,0.6861439943313599,0.6499419808387756,0.6522179841995239,11398368
2024-11-03,0.6522179841995239,0.6567680239677429,0.5881220102310181,0.6102619767189026,20085329
2024-11-04,0.6102619767189026,0.6213390231132507,0.5854039788246155,0.5968480110168457,20864811
2024-11-05,0.5968480110168457,0.6409029960632324,0.5945519804954529,0.6322780251502991,16811826
2024-11-06,0.6322780251502991,0.7432100176811218,0.6318010091781616,0.7241100072860718,58223051
2024-11-07,0.7241100072860718,0.7547860145568848,0.6957299709320068,0.7309200167655945,54429965
2024-11-08,0.7309200167655945,0.7414169907569885,0.701528012752533,0.7245169878005981,30478549
2024-11-09,0.7245169878005981,0.7681570053100586,0.7156829833984375,0.7639260292053223,29657381
2024-11-10,0.7639260292053223,0.8245819807052612,0.7501770257949829,0.7931849956512451,53386551
2024-11-11,0.7931910157203674,0.8607040047645569,0.7792230248451233,0.860273003578186,70160178
2024-11-12,0.860273003578186,0.8790280222892761,0.7461490035057068,0.7922390103340149,106051505
2024-11-13,0.7922390103340149,0.8071050047874451,0.7206670045852661,0.7603920102119446,80834811
2024-11-14,0.7603920102119446,0.7785400152206421,0.705748975276947,0.7136890292167664,69986635
2024-11-15,0.7136890292167664,0.7547609806060791,0.6951190233230591,0.7543299794197083,55459613
2024-11-16,0.7547019720077515,0.8103280067443848,0.7514020204544067,0.7999449968338013,65099764
2024-11-17,0.7999449968338013,0.8077170252799988,0.7302410006523132,0.7381889820098877,51223032
2024-11-18,0.7381889820098877,0.8180029988288879,0.7378870248794556,0.8149129748344421,65204524
2024-11-19,0.8149129748344421,0.8323969841003418,0.7626929879188538,0.7809290289878845,70815814
2024-11-20,0.7809290289878845,0.7871130108833313,0.7234730124473572,0.734250009059906,53003650
2024-11-21,0.7342510223388672,0.8001739978790283,0.7119619846343994,0.7898849844932556,64961638
2024-11-22,0.7899060249328613,0.8481450080871582,0.7665560245513916,0.8481450080871582,65881756
2024-11-23,0.8481450080871582,1.268367052078247,0.839946985244751,1.062311053276062,447706084
2024-11-24,1.062311053276062,1.144307017326355,1.0006799697875977,1.1318399906158447,197508380
2024-11-25,1.1318399906158447,1.1851589679718018,1.0517569780349731,1.0800600051879883,135650657
2024-11-26,1.0800600051879883,1.1158360242843628,0.9769039750099182,1.0368119478225708,104560971
2024-11-27,1.0368119478225708,1.2350620031356812,1.0150619745254517,1.2100939750671387,144774396
2024-11-28,1.2101850509643555,1.2135800123214722,1.1416209936141968,1.1480129957199097,102619029
2024-11-29,1.1480129957199097,1.2061829566955566,1.1256929636001587,1.1925159692764282,75972143
2024-11-30,1.1925159692764282,1.3812309503555298,1.17684805393219,1.3370469808578491,142278818
2024-12-01,1.337041974067688,1.353700041770935,1.2728910446166992,1.3177759647369385,90622050
2024-12-02,1.3177789449691772,1.4458880424499512,1.247897982597351,1.4251110553741455,188562786
2024-12-03,1.4251259565353394,1.4711940288543701,1.31870698928833,1.4618279933929443,172838537
2024-12-04,1.4618279933929443,1.5790289640426636,1.4148889780044556,1.5059380531311035,223836274
2024-12-05,1.5059380531311035,1.522902011871338,1.403404951095581,1.4524749517440796,160706232
2024-12-06,1.4414499998092651,1.764793038368225,1.4350899457931519,1.7098610401153564,332864085
2024-12-07,1.7098610401153564,2.036979913711548,1.6782809495925903,1.935217022895813,448173958
2024-12-08,1.9693959951400757,2.614886999130249,1.9193730354309082,2.582159996032715,1049972618
2024-12-09,2.659224033355713,2.7979190349578857,1.9250479936599731,2.06998610496521,862868300
2024-12-10,2.06998610496521,2.306950092315674,1.817378044128418,2.005847930908203,518440255
2024-12-11,2.005789041519165,2.30195689201355,1.930292010307312,2.2949559688568115,412846304
2024-12-12,2.2949559688568115,2.669384002685547,2.193579912185669,2.215754985809326,498921699
2024-12-13,2.2157421112060547,2.2689321041107178,2.14143705368042,2.19577693939209,243300283
2024-12-14,2.19577693939209,2.2903499603271484,2.062366008758545,2.0896248817443848,229747239
2024-12-15,2.0896248817443848,2.284619092941284,2.063607931137085,2.2621450424194336,214484075
2024-12-16,2.2621450424194336,2.292630910873413,2.011612892150879,2.034174919128418,217911650
2024-12-17,2.034174919128418,2.036487102508545,1.9190549850463867,1.9474730491638184,170138046
2024-12-18,1.947456955909729,1.9701199531555176,1.69097900390625,1.7078239917755127,223148814
2024-12-19,1.7078219652175903,1.7397119998931885,1.484652042388916,1.5016920566558838,253072712
2024-12-20,1.5016839504241943,1.6001019477844238,1.2679510116577148,1.5796869993209839,238402895
2024-12-21,1.5796869993209839,1.7143969535827637,1.4209860563278198,1.4437589645385742,186923691
2024-12-22,1.4437589645385742,1.49406099319458,1.3871959447860718,1.4377750158309937,115971994
2024-12-23,1.4377750158309937,1.5825879573822021,1.3974770307540894,1.5401010513305664,116047132
2024-12-24,1.5401010513305664,1.7301490306854248,1.4823110103607178,1.6541630029678345,144770159
2024-12-25,1.654252052307129,1.6766669750213623,1.567715048789978,1.5875320434570312,112760662
2024-12-26,1.5875320434570312,1.6090550422668457,1.4165469408035278,1.427409052848816,96464394
2024-12-27,1.4274070262908936,1.5080640316009521,1.4001630544662476,1.411399006843567,89514657
2024-12-28,1.411399006843567,1.5132160186767578,1.3927910327911377,1.4889559745788574,67377252
2024-12-29,1.4889559745788574,1.4924499988555908,1.3806229829788208,1.395259976387024,70752576
2024-12-30,1.3953160047531128,1.4641729593276978,1.3277850151062012,1.3666969537734985,91471620
2024-12-31,1.3667099475860596,1.432041049003601,1.3178540468215942,1.3560019731521606,85020760
2025-01-01,1.3560019731521606,1.4190340042114258,1.3244210481643677,1.4105850458145142,66915994
2025-01-02,1.4105830192565918,1.4948480129241943,1.4089280366897583,1.460487961769104,80642829
2025-01-03,1.4605549573898315,1.8032640218734741,1.4190369844436646,1.7844820022583008,217169890
2025-01-04,1.7844820022583008,1.8984659910202026,1.724593997001648,1.84505295753479,244184650
2025-01-05,1.84505295753479,1.8485360145568848,1.748553991317749,1.78860604763031,128064074
2025-01-06,1.78860604763031,1.9117399454116821,1.7729860544204712,1.79556405544281,173566912
2025-01-07,1.7955689430236816,1.84169602394104,1.5647640228271484,1.5649100542068481,155604041
2025-01-08,1.5649100542068481,1.5897890329360962,1.4178869724273682,1.5107100009918213,135649898
2025-01-09,1.5107100009918213,1.5388820171356201,1.4087320566177368,1.4459710121154785,100602744
2025-01-10,1.4459710121154785,1.5313080549240112,1.4350520372390747,1.4924310445785522,93617567
2025-01-11,1.4920769929885864,1.515105962753296,1.435397982597351,1.4689149856567383,76401605
2025-01-12,1.4689149856567383,1.4817659854888916,1.4122309684753418,1.441681981086731,63977482
2025-01-13,1.441681981086731,1.483288049697876,1.280696988105774,1.3943599462509155,104619965
2025-01-14,1.3943599462509155,1.4598779678344727,1.3872239589691162,1.4525129795074463,63019245
2025-01-15,1.4525129795074463,1.6788840293884277,1.4318369626998901,1.6754859685897827,110553173
2025-01-16,1.6755110025405884,1.6786750555038452,1.5748649835586548,1.585028052330017,81281242
2025-01-17,1.5972930192947388,1.7427070140838623,1.5966579914093018,1.732414960861206,90653000
2025-01-18,1.7149850130081177,1.7435489892959595,1.4824800491333008,1.5226730108261108,84597697
2025-01-19,1.5226730108261108,1.586719036102295,1.336493968963623,1.3471310138702393,133579226
2025-01-20,1.3470669984817505,1.5235430002212524,1.2866050004959106,1.3706530332565308,152755661
2025-01-21,1.3706480264663696,1.460237979888916,1.2970279455184937,1.405419945716858,78491154
2025-01-22,1.405419945716858,1.4147000312805176,1.3380450010299683,1.3425110578536987,49951760
2025-01-23,1.3424890041351318,1.3675249814987183,1.2931139469146729,1.3463870286941528,76447168
2025-01-24,1.3463640213012695,1.3970789909362793,1.2892160415649414,1.3131740093231201,61928080
2025-01-25,1.3131970167160034,1.3445160388946533,1.294240951538086,1.3188420534133911,35659832
2025-01-26,1.3188669681549072,1.356840968132019,1.2748520374298096,1.274886965751648,37729699
2025-01-27,1.274886965751648,1.2750099897384644,1.1117500066757202,1.2403650283813477,94642684
2025-01-28,1.2409700155258179,1.2547320127487183,1.1407979726791382,1.1529630422592163,40822318
2025-01-29,1.1529630422592163,1.2489910125732422,1.1454880237579346,1.2022119760513306,55380932
2025-01-30,1.2022579908370972,1.3408950567245483,1.1886780261993408,1.2697559595108032,64174099
2025-01-31,1.2697559595108032,1.3588900566101074,1.2246960401535034,1.2763099670410156,64506557
2025-02-01,1.2763439416885376,1.2918879985809326,1.1175060272216797,1.126175045967102,52968371
2025-02-02,1.1261930465698242,1.1563730239868164,0.9042360186576843,0.9546530246734619,96274436
2025-02-03,0.9546530246734619,0.9701110124588013,0.7184230089187622,0.9586120247840881,183913318
2025-02-04,0.9586120247840881,0.9695559740066528,0.8400850296020508,0.8857269883155823,101639357
2025-02-05,0.8857240080833435,0.9069550037384033,0.8610079884529114,0.875328004360199,54199834
2025-02-06,0.875328004360199,0.8921129703521729,0.7972990274429321,0.8013399839401245,47875027
2025-02-07,0.8013399839401245,0.9003750085830688,0.7905160188674927,0.8157129883766174,53747982
2025-02-08,0.8157129883766174,0.8498349785804749,0.7959049940109253,0.846327006816864,42189283
2025-02-09,0.8463249802589417,0.8708530068397522,0.7946040034294128,0.844277024269104,41577141
2025-02-10,0.844277024269104,0.8871970176696777,0.8115400075912476,0.8794879913330078,44913748
2025-02-11,0.8794879913330078,0.94439297914505,0.8633019924163818,0.8829270005226135,48508307
2025-02-12,0.8829270005226135,0.9821079969406128,0.8550810217857361,0.9630360007286072,86968005
2025-02-13,0.963034987449646,0.986274003982544,0.9146209955215454,0.9346089959144592,46136301
2025-02-14,0.9346089959144592,0.974291980266571,0.9223679900169373,0.9334080219268799,40472231
2025-02-15,0.9334080219268799,0.942018985748291,0.8757169842720032,0.8880720138549805,30921788
2025-02-16,0.8880969882011414,0.9315710067749023,0.8850740194320679,0.8914710283279419,28312212
2025-02-17,0.8914830088615417,0.9487749934196472,0.8757150173187256,0.9070500135421753,37341184
2025-02-18,0.9070500135421753,0.9124569892883301,0.8160820007324219,0.8532189726829529,35660045
2025-02-19,0.8532189726829529,0.8984900116920471,0.8532189726829529,0.8805559873580933,42518177
2025-02-20,0.8805559873580933,0.9201650023460388,0.872842013835907,0.9175459742546082,47438784
2025-02-21,0.9175609946250916,0.9607830047607422,0.8593890070915222,0.8755279779434204,56677547
2025-02-22,0.8755279779434204,0.9093480110168457,0.8735700249671936,0.9041630029678345,30091239
2025-02-23,0.9041630029678345,0.909276008605957,0.8658720254898071,0.8802710175514221,26988455
2025-02-24,0.8802710175514221,0.8862159848213196,0.7404699921607971,0.7515630125999451,45189603
2025-02-25,0.7515630125999451,0.7882189750671387,0.6979169845581055,0.777334988117218,63983556
2025-02-26,0.7773590087890625,0.8116170167922974,0.7582510113716125,0.7890070080757141,44737016
2025-02-27,0.7890070080757141,0.8354020118713379,0.7885990142822266,0.813135027885437,37355621
2025-02-28,0.813135027885437,0.813135027885437,0.7372570037841797,0.7938730120658875,59862762
2025-03-01,0.7938730120658875,0.8029580116271973,0.7595369815826416,0.7903910279273987,30149522
2025-03-02,0.7903910279273987,0.8924139738082886,0.7665309906005859,0.8905630111694336,61696745
2025-03-03,0.8905619978904724,0.8911830186843872,0.7250170111656189,0.7329679727554321,60798066
2025-03-04,0.7329840064048767,0.7380599975585938,0.6534619927406311,0.7095419764518738,72606017
2025-03-05,0.7095159888267517,0.7402549982070923,0.6921290159225464,0.7330150008201599,41244052
2025-03-06,0.7330150008201599,0.7448819875717163,0.6972759962081909,0.7027339935302734,39524801
2025-03-07,0.7027339935302734,0.7362290024757385,0.6668840050697327,0.7029169797897339,46657883
2025-03-08,0.7029169797897339,0.7043169736862183,0.6691780090332031,0.6725119948387146,24229197
2025-03-09,0.6725119948387146,0.6793190240859985,0.5731800198554993,0.5846359729766846,46187270
2025-03-10,0.5846359729766846,0.6525300145149231,0.5601419806480408,0.5785509943962097,58506213
2025-03-11,0.5785109996795654,0.6273469924926758,0.5427449941635132,0.5999299883842468,59676924
2025-03-12,0.5999299883842468,0.6237879991531372,0.5829190015792847,0.6158789992332458,38403638
2025-03-13,0.6158789992332458,0.6184509992599487,0.5834450125694275,0.5935140252113342,39618192
2025-03-14,0.5935140252113342,0.6305620074272156,0.5931689739227295,0.6185709834098816,41489149
2025-03-15,0.6185539960861206,0.6589109897613525,0.6136000156402588,0.6534889936447144,23101417
2025-03-16,0.6534900069236755,0.6535220146179199,0.6027680039405823,0.6078199744224548,25338040
2025-03-17,0.6078180074691772,0.669996976852417,0.6073449850082397,0.6583300232887268,37566789
2025-03-18,0.6583300232887268,0.6626620292663574,0.6299610137939453,0.6583070158958435,36473205
2025-03-19,0.6583070158958435,0.708844006061554,0.6466420292854309,0.7000910043716431,56011939
2025-03-20,0.7000970244407654,0.7011809945106506,0.6611480116844177,0.6670629978179932,34596111
2025-03-21,0.6670629978179932,0.6781970262527466,0.6504610180854797,0.6589890122413635,31639811
2025-03-22,0.6589900255203247,0.6923210024833679,0.6584540009498596,0.6714230179786682,25412939
2025-03-23,0.6714230179786682,0.683866024017334,0.6574410200119019,0.6635169982910156,27419706
2025-03-24,0.6635169982910156,0.7099040150642395,0.6557919979095459,0.7019860148429871,38248564
2025-03-25,0.7020080089569092,0.7106660008430481,0.684669017791748,0.7034260034561157,33079068
2025-03-26,0.7034260034561157,0.7299270033836365,0.6796429753303528,0.6839510202407837,34649672
2025-03-27,0.6839510202407837,0.705407977104187,0.6664649844169617,0.6811019778251648,30018877
2025-03-28,0.6811040043830872,0.6903250217437744,0.6170679926872253,0.625669002532959,31072076
2025-03-29,0.625669002532959,0.6290680170059204,0.5742660164833069,0.5855309963226318,25292684
2025-03-30,0.5855259895324707,0.6013349890708923,0.5761880278587341,0.5837159752845764,21547343
2025-03-31,0.5837110280990601,0.601173996925354,0.5674269795417786,0.5857809782028198,27954154
2025-04-01,0.5857809782028198,0.619579017162323,0.5856379866600037,0.6069300174713135,25020764
2025-04-02,0.6069300174713135,0.6131889820098877,0.5438600182533264,0.5535719990730286,39212998
2025-04-03,0.5535719990730286,0.5857729911804199,0.5363619923591614,0.5670520067214966,35089263
2025-04-04,0.5670520067214966,0.5746870040893555,0.5419430136680603,0.5671470165252686,33027100
2025-04-05,0.5671470165252686,0.5723569989204407,0.5457209944725037,0.5539979934692383,17992709
2025-04-06,0.5539979934692383,0.5560219883918762,0.47820401191711426,0.4884890019893646,36965152
2025-04-07,0.4884589910507202,0.5277469754219055,0.45796099305152893,0.5145890116691589,69003961
2025-04-08,0.5145890116691589,0.5277439951896667,0.4860270023345947,0.4890570044517517,37751247
2025-04-09,0.4890570044517517,0.5619620084762573,0.47219499945640564,0.5520089864730835,49730795
2025-04-10,0.5520169734954834,0.5520399808883667,0.5145490169525146,0.5302169919013977,39903303
2025-04-11,0.5302169919013977,0.5685330033302307,0.5285069942474365,0.5587570071220398,35021997
2025-04-12,0.5587549805641174,0.5923640131950378,0.547311007976532,0.5893179774284363,29110220
2025-04-13,0.5893179774284363,0.5918300151824951,0.5497180223464966,0.5582529902458191,31146952
2025-04-14,0.5582540035247803,0.5883910059928894,0.5559840202331543,0.5590410232543945,35028320
2025-04-15,0.5590410232543945,0.5694180130958557,0.5405499935150146,0.5406609773635864,43386793
2025-04-16,0.5406609773635864,0.5509529709815979,0.5279669761657715,0.539342999458313,96732229
2025-04-17,0.539342999458313,0.5560230016708374,0.5352669954299927,0.5424150228500366,50289064
2025-04-18,0.5424150228500366,0.5710440278053284,0.5387849807739258,0.5677649974822998,36073197
2025-04-19,0.5677649974822998,0.595874011516571,0.5639190077781677,0.5887579917907715,30396554
2025-04-20,0.5887579917907715,0.6005300283432007,0.5734699964523315,0.5920050144195557,23591507
2025-04-21,0.5920069813728333,0.6166250109672546,0.5920069813728333,0.6018139719963074,35180608
2025-04-22,0.6018120050430298,0.6425049901008606,0.5870559811592102,0.6416320204734802,37340137
2025-04-23,0.6416320204734802,0.6832820177078247,0.6394140124320984,0.674809992313385,51966807
2025-04-24,0.674809992313385,0.7026730179786682,0.6527360081672668,0.6962260007858276,34808002
2025-04-25,0.6962260007858276,0.7071220278739929,0.6758999824523926,0.6876639723777771,38590441
2025-04-26,0.6876699924468994,0.7140039801597595,0.6859750151634216,0.7009699940681458,32520107
2025-04-27,0.7009699940681458,0.7094110250473022,0.6573179960250854,0.6724410057067871,24114417
2025-04-28,0.6724510192871094,0.7061529755592346,0.6546729803085327,0.6911730170249939,31864337
2025-04-29,0.6911699771881104,0.7008180022239685,0.642067015171051,0.6486629843711853,32580276
2025-04-30,0.6486629843711853,0.669156014919281,0.6279940009117126,0.6595680117607117,29753993
2025-05-01,0.6595680117607117,0.6881499886512756,0.6595309972763062,0.6750720143318176,24020337
2025-05-02,0.6750779747962952,0.6945229768753052,0.6663159728050232,0.6786289811134338,28935085
2025-05-03,0.6786280274391174,0.6796950101852417,0.6299620270729065,0.6308280229568481,21828390
2025-05-04,0.6308280229568481,0.631479024887085,0.6039170026779175,0.6070280075073242,22250313
2025-05-05,0.6070299744606018,0.6193320155143738,0.6021419763565063,0.6111540198326111,24651595
2025-05-06,0.6109669804573059,0.6201890110969543,0.5748509764671326,0.6024199724197388,24793265
2025-05-07,0.6024199724197388,0.6095690131187439,0.5849980115890503,0.6019650101661682,23269063
2025-05-08,0.6019629836082458,0.7680349946022034,0.6018499732017517,0.7613570094108582,52930026
2025-05-09,0.7613570094108582,0.8002060055732727,0.7578830122947693,0.776889979839325,68516259
2025-05-10,0.776889979839325,0.8729990124702454,0.7707579731941223,0.8705800175666809,67728378
2025-05-11,0.8705629706382751,0.8761559724807739,0.7944279909133911,0.8135210275650024,55423579
2025-05-12,0.81352299451828,0.8725939989089966,0.7939689755439758,0.8218200206756592,69132693
2025-05-13,0.8218200206756592,0.8819980025291443,0.7770119905471802,0.8777469992637634,66610904
2025-05-14,0.8777469992637634,0.8892340064048767,0.8019689917564392,0.8166549801826477,60361486
2025-05-15,0.8166559934616089,0.8336799740791321,0.7255160212516785,0.741811990737915,64197185
2025-05-16,0.7418130040168762,0.7679659724235535,0.719569981098175,0.7260730266571045,44297476
2025-05-17,0.7260730266571045,0.7260730266571045,0.6890599727630615,0.6935570240020752,33414704
2025-05-18,0.6935570240020752,0.7710520029067993,0.690205991268158,0.7432820200920105,50342565
2025-05-19,0.7432820200920105,0.7471629977226257,0.6764339804649353,0.7159709930419922,47347627
2025-05-20,0.7159709930419922,0.7470530271530151,0.6894090175628662,0.7169039845466614,40293909
2025-05-21,0.7169039845466614,0.7672910094261169,0.6996939778327942,0.7483929991722107,60339394
2025-05-22,0.748045027256012,0.8197330236434937,0.7458850145339966,0.8054860234260559,59819089
2025-05-23,0.8054860234260559,0.8328250050544739,0.7205600142478943,0.7210519909858704,58479105
2025-05-24,0.7210419774055481,0.7526819705963135,0.7176120281219482,0.725570023059845,31150806
2025-05-25,0.725570023059845,0.7332640290260315,0.6972050070762634,0.7332320213317871,33658800
2025-05-26,0.7332320213317871,0.7531620264053345,0.7150300145149231,0.7186740040779114,33768962
2025-05-27,0.7186560034751892,0.7693039774894714,0.7004929780960083,0.7482540011405945,51139983
2025-05-28,0.7482540011405945,0.7629560232162476,0.7145000100135803,0.7486900091171265,43262566
2025-05-29,0.7486900091171265,0.8039140105247498,0.719448983669281,0.7208330035209656,75834545
2025-05-30,0.7208700180053711,0.7261000275611877,0.638867974281311,0.6394619941711426,60380440
2025-05-31,0.6394619941711426,0.6566879749298096,0.617347002029419,0.6443189978599548,42728098
2025-06-01,0.6443189978599548,0.6583359837532043,0.6293140053749084,0.654570996761322,26499831
2025-06-02,0.6545310020446777,0.7056769728660583,0.6336460113525391,0.7028579711914062,39918044
2025-06-03,0.7028589844703674,0.723908007144928,0.6915810108184814,0.7018479704856873,38013267
2025-06-04,0.7018470168113708,0.7150490283966064,0.6691089868545532,0.6694779992103577,30658022
2025-06-05,0.6694779992103577,0.6767799854278564,0.6118469834327698,0.6157609820365906,41730261
2025-06-06,0.6157609820365906,0.6481410264968872,0.611549973487854,0.6305810213088989,32183444
2025-06-07,0.6305810213088989,0.66075199842453,0.6299890279769897,0.6529629826545715,18385979
2025-06-08,0.6529629826545715,0.657043993473053,0.637266993522644,0.6435930132865906,16465708
2025-06-09,0.6435930132865906,0.7000769972801208,0.6289790272712708,0.6991279721260071,27510303
2025-06-10,0.6991279721260071,0.7770580053329468,0.6920819878578186,0.7769839763641357,66132481
2025-06-11,0.7769839763641357,0.7870180010795593,0.726373016834259,0.7335500121116638,51255175
2025-06-12,0.7335500121116638,0.733551025390625,0.6612240076065063,0.6627669930458069,41627772
2025-06-13,0.6627669930458069,0.6627669930458069,0.6010739803314209,0.6386939883232117,55957739
2025-06-14,0.6387040019035339,0.6391370296478271,0.6055619716644287,0.6184229850769043,23931103
2025-06-15,0.6184229850769043,0.6269369721412659,0.6050829887390137,0.6219940185546875,18156613
2025-06-16,0.6219940185546875,0.676584005355835,0.616083025932312,0.6412929892539978,43318128
2025-06-17,0.6412760019302368,0.6570410132408142,0.61114102602005,0.6186990141868591,32168604
2025-06-18,0.6186990141868591,0.6339669823646545,0.5921019911766052,0.6272000074386597,31275553
2025-06-19,0.6272000074386597,0.636227011680603,0.6079630255699158,0.6185539960861206,21630960
2025-06-20,0.6185550093650818,0.6344349980354309,0.5823240280151367,0.5944920182228088,27759960
2025-06-21,0.5944920182228088,0.6028730273246765,0.5406680107116699,0.5509390234947205,27393983
2025-06-22,0.5512109994888306,0.560994029045105,0.5071359872817993,0.5363889932632446,35889216
2025-06-23,0.5363889932632446,0.6104679703712463,0.5363640189170837,0.6095449924468994,48733648
2025-06-24,0.6095449924468994,0.6238970160484314,0.6035400032997131,0.6113590002059937,33796127
2025-06-25,0.6113590002059937,0.6166009902954102,0.5855339765548706,0.589156985282898,25608505
2025-06-26,0.589156985282898,0.6115270256996155,0.5715649724006653,0.5741569995880127,28025637
2025-06-27,0.5741569995880127,0.5892879962921143,0.5669490098953247,0.5815860033035278,19491600
2025-06-28,0.5815860033035278,0.6032559871673584,0.5741159915924072,0.5993059873580933,15508050
2025-06-29,0.5993059873580933,0.6395660042762756,0.5926219820976257,0.6333379745483398,19287437
2025-06-30,0.6333379745483398,0.6349949836730957,0.5964099764823914,0.6018450260162354,23273357
2025-07-01,0.6018450260162354,0.6040229797363281,0.56843101978302,0.571931004524231,17515576
2025-07-02,0.571931004524231,0.6355329751968384,0.5662739872932434,0.6240320205688477,33990821
2025-07-03,0.6240320205688477,0.6423159837722778,0.6211289763450623,0.6252279877662659,24882208
2025-07-04,0.6252279877662659,0.6296629905700684,0.5834919810295105,0.5888500213623047,27246930
2025-07-05,0.5888500213623047,0.5956839919090271,0.5754179954528809,0.5910739898681641,17370523
2025-07-06,0.5910739898681641,0.6180199980735779,0.5895569920539856,0.6053919792175293,20454144
2025-07-07,0.6053919792175293,0.6145619750022888,0.5919169783592224,0.5982199907302856,20471288
2025-07-08,0.5982199907302856,0.6224910020828247,0.5880569815635681,0.6187679767608643,33087081
2025-07-09,0.6187679767608643,0.6722319722175598,0.6118599772453308,0.663998007774353,49579324
2025-07-10,0.663998007774353,0.7215240001678467,0.6578599810600281,0.7196779847145081,47944558
2025-07-11,0.7196779847145081,0.7532979846000671,0.705706000328064,0.7132869958877563,71128162
2025-07-12,0.7132869958877563,0.7234410047531128,0.6765080094337463,0.6964359879493713,44399306
2025-07-13,0.6964359879493713,0.7286480069160461,0.6914640069007874,0.7135609984397888,41393647
2025-07-14,0.7135609984397888,0.7589880228042603,0.7011430263519287,0.7127230167388916,57638316
2025-07-15,0.7127230167388916,0.7480679750442505,0.6875,0.7435100078582764,59633505
2025-07-16,0.7435100078582764,0.787771999835968,0.7271230220794678,0.7507330179214478,62032604
2025-07-17,0.7507330179214478,0.7747730016708374,0.7271689772605896,0.7651640176773071,64455177
2025-07-18,0.7651489973068237,1.0307270288467407,0.7577990293502808,0.9074069857597351,365742817
2025-07-19,0.9074130058288574,1.070175051689148,0.8778290152549744,0.9921519756317139,296120528
2025-07-20,0.9921519756317139,1.050191044807434,0.9816439747810364,0.9936249852180481,157186955
2025-07-21,0.9936249852180481,1.083493947982788,0.9757390022277832,1.0206290483474731,112841999
2025-07-22,1.0206290483474731,1.0225290060043335,0.939640998840332,0.999176025390625,116606558
2025-07-23,0.999176025390625,1.0178899765014648,0.8866659998893738,0.9128350019454956,80936035
2025-07-24,0.9127969741821289,0.9454299807548523,0.8461570143699646,0.8736910223960876,67337209
2025-07-25,0.8736910223960876,0.9033409953117371,0.8397259712219238,0.8972970247268677,61266139
2025-07-26,0.8972920179367065,0.919634997844696,0.888683021068573,0.9015660285949707,35536340
2025-07-27,0.9015660285949707,0.9474009871482849,0.8996189832687378,0.934141993522644,42202059
2025-07-28,0.9341239929199219,0.9512879848480225,0.8521869778633118,0.8545439839363098,49367494
2025-07-29,0.8545539975166321,0.8909469842910767,0.836359977722168,0.8656550049781799,47336458
2025-07-30,0.8656550049781799,0.8666459918022156,0.7880129814147949,0.8352590203285217,50924572
2025-07-31,0.835250973701477,0.8580179810523987,0.7765650153160095,0.7798489928245544,43499003
2025-08-01,0.7797449827194214,0.7961249947547913,0.7464889883995056,0.7678409814834595,57015169
2025-08-02,0.7678409814834595,0.7774270176887512,0.722262978553772,0.7372739911079407,34381691
2025-08-03,0.7372739911079407,0.7643280029296875,0.7287229895591736,0.7593039870262146,27898939
2025-08-04,0.7593029737472534,0.8167629837989807,0.7579159736633301,0.8024590015411377,41852963
2025-08-05,0.8024590015411377,0.8026580214500427,0.7421579957008362,0.7608100175857544,36982776
2025-08-06,0.7608100175857544,0.7778180241584778,0.7386929988861084,0.76978600025177,34314864
2025-08-07,0.76978600025177,0.8429660201072693,0.7657529711723328,0.8365899920463562,58382668
2025-08-08,0.8365899920463562,0.862991988658905,0.8199250102043152,0.8474559783935547,94672095
2025-08-09,0.8473870158195496,0.9161199927330017,0.8469070196151733,0.8909159898757935,52100012
2025-08-10,0.8909159898757935,0.909965991973877,0.8632100224494934,0.8905050158500671,52661646
2025-08-11,0.8905050158500671,0.9083070158958435,0.8155189752578735,0.8202959895133972,68174058
2025-08-12,0.8202959895133972,0.8867089748382568,0.7980219721794128,0.8796809911727905,51877151
2025-08-13,0.8796809911727905,0.946707010269165,0.8679310083389282,0.9384419918060303,70790729
2025-08-14,0.9384419918060303,0.9508180022239685,0.8218259811401367,0.8396829962730408,73258217
2025-08-15,0.8396499752998352,0.8614550232887268,0.7913470268249512,0.8144689798355103,43854441
2025-08-16,0.8144689798355103,0.839480996131897,0.8144689798355103,0.8359529972076416,28194402
2025-08-17,0.8359529972076416,0.8611379861831665,0.8279569745063782,0.831650972366333,28855428
2025-08-18,0.831650972366333,0.8316879868507385,0.7798560261726379,0.7878720164299011,45400710
2025-08-19,0.7878720164299011,0.8013460040092468,0.7466260194778442,0.7466260194778442,36730028
2025-08-20,0.746641993522644,0.7956179976463318,0.7444909811019897,0.7912619709968567,33147460
2025-08-21,0.7912619709968567,0.7985919713973999,0.7571009993553162,0.7610830068588257,26314129
2025-08-22,0.7610830068588257,0.9010819792747498,0.7354670166969299,0.8820480108261108,67997672
2025-08-23,0.8820480108261108,0.883135974407196,0.8493880033493042,0.862671971321106,37025018
2025-08-24,0.8626490235328674,0.87847900390625,0.8220739960670471,0.8388400077819824,43538127
2025-08-25,0.8388400077819824,0.8470680117607117,0.7286840081214905,0.7387459874153137,58821861
2025-08-26,0.7387459874153137,0.7975249886512756,0.7345150113105774,0.7852709889411926,44468243
2025-08-27,0.7852640151977539,0.8054400086402893,0.7758700251579285,0.7797880172729492,40272337
2025-08-28,0.7798179984092712,0.8091400265693665,0.7761690020561218,0.8091400265693665,35397184
2025-08-29,0.8091449737548828,0.8103119730949402,0.7367449998855591,0.7510539889335632,44992846
2025-08-30,0.7510489821434021,0.7719219923019409,0.7375059723854065,0.7635179758071899,21861342
2025-08-31,0.7635179758071899,0.7941809892654419,0.7592629790306091,0.7592769861221313,26632711
2025-09-01,0.7592769861221313,0.774537980556488,0.7098870277404785,0.7257639765739441,37162142
2025-09-02,0.7257639765739441,0.7646409869194031,0.7243300080299377,0.7610700130462646,31932573
2025-09-03,0.7610700130462646,0.7898169755935669,0.750603973865509,0.7855169773101807,25635552
2025-09-04,0.7855169773101807,0.7868289947509766,0.7340999841690063,0.743257999420166,26827837
2025-09-05,0.743257999420166,0.7802730202674866,0.7421799898147583,0.7578200101852417,33600724
2025-09-06,0.7578200101852417,0.7619379758834839,0.7407090067863464,0.7511090040206909,19427102
2025-09-07,0.7511090040206909,0.7599830031394958,0.7435070276260376,0.7540460228919983,18380291
2025-09-08,0.7540460228919983,0.7941550016403198,0.7475990056991577,0.7871789932250977,30155357
2025-09-09,0.7871789932250977,0.8168529868125916,0.7742239832878113,0.7939990162849426,36286399
2025-09-10,0.7939990162849426,0.8145260214805603,0.7846429944038391,0.7953760027885437,28170618
2025-09-11,0.7953760027885437,0.8307570219039917,0.788972020149231,0.8221380114555359,30289168
2025-09-12,0.8221380114555359,0.8505070209503174,0.8124970197677612,0.8473799824714661,33980068
2025-09-13,0.8473799824714661,0.8706690073013306,0.8373810052871704,0.8519359827041626,36202616
2025-09-14,0.8519359827041626,0.8528820276260376,0.7987110018730164,0.8139089941978455,33118255
2025-09-15,0.8139089941978455,0.8263170123100281,0.7523009777069092,0.770110011100769,35745842
2025-09-16,0.770114004611969,0.7960169911384583,0.7629669904708862,0.7897710204124451,32467824
2025-09-17,0.7897710204124451,0.8171730041503906,0.761955976486206,0.8102419972419739,38205202
2025-09-18,0.8102419972419739,0.8280249834060669,0.8002259731292725,0.8144130110740662,31816500
2025-09-19,0.8144130110740662,0.8298360109329224,0.7625449895858765,0.7678409814834595,33792919
2025-09-20,0.7678409814834595,0.7824000120162964,0.76077800989151,0.7762690186500549,21375714
2025-09-21,0.7762690186500549,0.7926170229911804,0.757407009601593,0.7577800154685974,26296281
2025-09-22,0.7577750086784363,0.7603049874305725,0.6605070233345032,0.6842929720878601,62657766
2025-09-23,0.6842979788780212,0.6858469843864441,0.6683170199394226,0.6732879877090454,28913398
2025-09-24,0.6732879877090454,0.6898279786109924,0.6598590016365051,0.6754760146141052,26362785
2025-09-25,0.6754760146141052,0.6772109866142273,0.6225759983062744,0.6323009729385376,48718197
2025-09-26,0.6323059797286987,0.6690570116043091,0.6323040127754211,0.6669589877128601,31464606
2025-09-27,0.6669589877128601,0.6690080165863037,0.6570330262184143,0.6622070074081421,21216765
2025-09-28,0.6622070074081421,0.6711199879646301,0.6406639814376831,0.669061005115509,24413379
2025-09-29,0.669061005115509,0.680787980556488,0.64860999584198,0.6740559935569763,30378415
2025-09-30,0.6740019917488098,0.6740800142288208,0.6451169848442078,0.668628990650177,31533802
2025-10-01,0.668628990650177,0.7055709958076477,0.6640059947967529,0.7055330276489258,36760198
2025-10-02,0.7055439949035645,0.7294579744338989,0.6976190209388733,0.7220550179481506,32743731
2025-10-03,0.7220550179481506,0.7382699847221375,0.7094820141792297,0.7240520119667053,37743132
2025-10-04,0.7240520119667053,0.7246310114860535,0.6837260127067566,0.6914979815483093,25365212
2025-10-05,0.6914979815483093,0.7247160077095032,0.6873829960823059,0.6929739713668823,33230089
2025-10-06,0.6929739713668823,0.7422739863395691,0.6888269782066345,0.7315859794616699,35109350
2025-10-07,0.7315859794616699,0.7384740114212036,0.683883011341095,0.684561014175415,43903213
2025-10-08,0.684561014175415,0.7249289751052856,0.6796590089797974,0.7214469909667969,34393566
2025-10-09,0.7214469909667969,0.7229660153388977,0.668874979019165,0.6879079937934875,35740099
2025-10-10,0.6879069805145264,0.7183340191841125,0.191894993185997,0.4785589873790741,108724070
2025-10-11,0.47863900661468506,0.5292009711265564,0.4575420022010803,0.4982079863548279,66836691
2025-10-12,0.4982079863548279,0.573291003704071,0.4913719892501831,0.5681049823760986,49877491
2025-10-13,0.5681089758872986,0.611303985118866,0.5566009879112244,0.6086009740829468,54118735
2025-10-14,0.608597993850708,0.6090369820594788,0.5356029868125916,0.5848850011825562,58934673
2025-10-15,0.5848850011825562,0.5915259718894958,0.5496709942817688,0.5564669966697693,45157186
2025-10-16,0.5564669966697693,0.56939697265625,0.5175830125808716,0.5227720141410828,40331832
2025-10-17,0.5227720141410828,0.5347149968147278,0.4863640069961548,0.508184015750885,43421508
2025-10-18,0.508184015750885,0.5229179859161377,0.5080950260162354,0.5161110162734985,22522360
2025-10-19,0.5161110162734985,0.5447229743003845,0.5077170133590698,0.5346360206604004,30806068
2025-10-20,0.5346360206604004,0.5692030191421509,0.5243499875068665,0.554902970790863,33123529
2025-10-21,0.5550780296325684,0.5728849768638611,0.5248889923095703,0.5291529893875122,38989925
2025-10-22,0.5291529893875122,0.5365719795227051,0.5020269751548767,0.5184360146522522,33912757
2025-10-23,0.5184360146522522,0.5416160225868225,0.5177059769630432,0.5343959927558899,23482102
2025-10-24,0.5343959927558899,0.5429890155792236,0.5227879881858826,0.5333729982376099,24755355
2025-10-25,0.5333729982376099,0.5383700132369995,0.5288619995117188,0.5335530042648315,17773574
2025-10-26,0.5335530042648315,0.5594069957733154,0.5234820246696472,0.5559989809989929,21942998
2025-10-27,0.5559989809989929,0.5658460259437561,0.5370990037918091,0.5442699790000916,25141240
2025-10-28,0.5442569851875305,0.5466409921646118,0.5095049738883972,0.5199049711227417,27723110
2025-10-29,0.5198310017585754,0.5376859903335571,0.5155349969863892,0.5241450071334839,30779464
2025-10-30,0.5242030024528503,0.5322849750518799,0.46546900272369385,0.483117014169693,29376110
2025-10-31,0.4831410050392151,0.4992859959602356,0.479095995426178,0.48830699920654297,26890518
2025-11-01,0.48830699920654297,0.5162249803543091,0.48593199253082275,0.5142520070075989,23893476
2025-11-02,0.5142639875411987,0.5202149748802185,0.4930639863014221,0.5087640285491943,22054972
2025-11-03,0.5087640285491943,0.5092300176620483,0.4365200102329254,0.44802701473236084,38376684
2025-11-04,0.44802701473236084,0.4616810083389282,0.40204501152038574,0.4248659908771515,43338831
2025-11-05,0.4248659908771515,0.4458340108394623,0.4046329855918884,0.44257500767707825,25682607
2025-11-06,0.442577987909317,0.4453999996185303,0.4203850030899048,0.43610599637031555,22507848
2025-11-07,0.43610599637031555,0.5185559988021851,0.4361029863357544,0.5046380162239075,39697916
2025-11-08,0.5046380162239075,0.5156760215759277,0.475832998752594,0.49303799867630005,31738131
2025-11-09,0.49303799867630005,0.5072659850120544,0.46711599826812744,0.4942589998245239,33619396
2025-11-10,0.4942589998245239,0.6085820198059082,0.4931289851665497,0.5708839893341064,101155792
2025-11-11,0.5708150267601013,0.5815200209617615,0.4872089922428131,0.49338799715042114,91508876
2025-11-12,0.49330800771713257,0.5267810225486755,0.4763469994068146,0.48404499888420105,45772787
2025-11-13,0.48404499888420105,0.49226200580596924,0.4547649919986725,0.4746449887752533,35411169
2025-11-14,0.4745739996433258,0.47711101174354553,0.4475420117378235,0.456728994846344,35725375
2025-11-15,0.456728994846344,0.4777440130710602,0.4566580057144165,0.466839998960495,21486970
2025-11-16,0.46684199571609497,0.4767490029335022,0.4381999969482422,0.4514999985694885,26291090
2025-11-17,0.4514940083026886,0.4669469892978668,0.44095999002456665,0.4555799961090088,32563678
2025-11-18,0.4556199908256531,0.48162201046943665,0.44884398579597473,0.47150498628616333,35965690
2025-11-19,0.4715319871902466,0.4716620147228241,0.4358069896697998,0.4566960036754608,30157185
2025-11-20,0.4566960036754608,0.47337600588798523,0.42674699425697327,0.43941301107406616,31739828
2025-11-21,0.43941301107406616,0.4511969983577728,0.39504900574684143,0.4099479913711548,40659459
2025-11-22,0.4099479913711548,0.41370999813079834,0.39776700735092163,0.40893301367759705,19487383
2025-11-23,0.40893301367759705,0.4125089943408966,0.40248599648475647,0.4024980068206787,18016226
2025-11-24,0.4024980068206787,0.4247080087661743,0.39875298738479614,0.416920006275177,24488141
2025-11-25,0.416920006275177,0.4253149926662445,0.4038099944591522,0.42184099555015564,19585217
2025-11-26,0.42184099555015564,0.4245940148830414,0.38912200927734375,0.39761799573898315,30128600
2025-11-27,0.3976289927959442,0.4009369909763336,0.3918269872665405,0.3936859965324402,21633604
2025-11-28,0.3936859965324402,0.4009450078010559,0.3798629939556122,0.3842509984970093,21767663
2025-11-29,0.3842509984970093,0.39113399386405945,0.37498900294303894,0.3788110017776489,16770482
2025-11-30,0.3788110017776489,0.38505101203918457,0.3735460042953491,0.3735460042953491,15595225
2025-12-01,0.373526006937027,0.3735730051994324,0.33271801471710205,0.3407210111618042,31666563
2025-12-02,0.3407210111618042,0.3730340003967285,0.3355889916419983,0.3654380142688751,19756310
2025-12-03,0.3654380142688751,0.37734100222587585,0.36265701055526733,0.37475401163101196,18821583
2025-12-04,0.3746959865093231,0.37602499127388,0.35196399688720703,0.35308200120925903,17574793
2025-12-05,0.35308200120925903,0.35544100403785706,0.3211660087108612,0.33200299739837646,21539276
2025-12-06,0.33200299739837646,0.3392980098724365,0.32828500866889954,0.33514198660850525,14309476
2025-12-07,0.3351610004901886,0.33816400170326233,0.3174839913845062,0.3199619948863983,17631117
2025-12-08,0.3199619948863983,0.3411009907722473,0.31874099373817444,0.3327009975910187,18611647
2025-12-09,0.3327009975910187,0.36268800497055054,0.32677599787712097,0.34943100810050964,18940343
2025-12-10,0.34943100810050964,0.35567599534988403,0.3335399925708771,0.3335399925708771,18280709
2025-12-11,0.3335080146789551,0.3360399901866913,0.3179210126399994,0.3321079909801483,19149668
2025-12-12,0.3321079909801483,0.3338330090045929,0.31012600660324097,0.3194209933280945,16557446
2025-12-13,0.3194209933280945,0.3295750021934509,0.31861600279808044,0.3258430063724518,11847236
2025-12-14,0.3258430063724518,0.32857298851013184,0.30598700046539307,0.3077099919319153,12142066
2025-12-15,0.30771198868751526,0.3186950087547302,0.29172900319099426,0.29942598938941956,15821906
2025-12-16,0.29942598938941956,0.305307000875473,0.2936849892139435,0.3015489876270294,14232499
2025-12-17,0.3015489876270294,0.30928701162338257,0.2822839915752411,0.28394201397895813,16443611
2025-12-18,0.2838740050792694,0.2940109968185425,0.26776400208473206,0.2719210088253021,17161780
2025-12-19,0.2719210088253021,0.2957429885864258,0.2692039906978607,0.29497599601745605,14772795
2025-12-20,0.29497599601745605,0.30822399258613586,0.2923099994659424,0.30602601170539856,14603219
2025-12-21,0.30602601170539856,0.3068990111351013,0.28780001401901245,0.29339599609375,14601271
2025-12-22,0.29339599609375,0.3011470139026642,0.290459007024765,0.2951990067958832,15490118
2025-12-23,0.2951990067958832,0.29736799001693726,0.28336000442504883,0.28891900181770325,15144321
2025-12-24,0.28891900181770325,0.2910049855709076,0.28293898701667786,0.2877660095691681,11266200
2025-12-25,0.2877660095691681,0.2926819920539856,0.2819269895553589,0.28198501467704773,10829509
2025-12-26,0.28198501467704773,0.2925260066986084,0.2795349955558777,0.28279298543930054,12618423
2025-12-27,0.28279298543930054,0.2961130142211914,0.2812359929084778,0.29458698630332947,14518880
2025-12-28,0.29461100697517395,0.30671900510787964,0.2938460111618042,0.29874101281166077,14920846
2025-12-29,0.29874101281166077,0.3045639991760254,0.29104599356651306,0.2943429946899414,14153788
2025-12-30,0.2943449914455414,0.2970300018787384,0.28923499584198,0.2910439968109131,12961612
2025-12-31,0.2910439968109131,0.29136499762535095,0.2721779942512512,0.27388298511505127,14044173
2026-01-01,0.27388298511505127,0.3052780032157898,0.27388298511505127,0.3046810030937195,13472753
2026-01-02,0.3046810030937195,0.34273800253868103,0.30403101444244385,0.33631399273872375,23243107
2026-01-03,0.33631598949432373,0.33696800470352173,0.3201799988746643,0.3336459994316101,14511531
2026-01-04,0.3336459994316101,0.347786009311676,0.33179599046707153,0.337691992521286,16148217
2026-01-05,0.3376910090446472,0.3482320010662079,0.3283570110797882,0.3471300005912781,18329791
2026-01-06,0.3471300005912781,0.367933988571167,0.3398120105266571,0.35507598519325256,21684177
2026-01-07,0.35507598519325256,0.3550789952278137,0.3334830105304718,0.3369629979133606,16076500
2026-01-08,0.3369629979133606,0.3393869996070862,0.3214530050754547,0.3288699984550476,15820387
2026-01-09,0.3288719952106476,0.3407059907913208,0.3252109885215759,0.32947900891304016,13636871
2026-01-10,0.32947900891304016,0.330143004655838,0.3228040039539337,0.3235979974269867,10181027
2026-01-11,0.3235979974269867,0.32700398564338684,0.315434992313385,0.3183949887752533,10803146
2026-01-12,0.3183949887752533,0.3296700119972229,0.3120439946651459,0.31399598717689514,13419435
2026-01-13,0.31399598717689514,0.3599430024623871,0.3139840066432953,0.3535130023956299,20929052
2026-01-14,0.3535130023956299,0.356889009475708,0.3428789973258972,0.3452419936656952,18682368
2026-01-15,0.3452419936656952,0.34536001086235046,0.3218330144882202,0.3269039988517761,15097207
2026-01-16,0.3269039988517761,0.33350899815559387,0.3193109929561615,0.33297398686408997,13188465
2026-01-17,0.33297398686408997,0.37103599309921265,0.3326779901981354,0.3534109890460968,21798030
2026-01-18,0.3534109890460968,0.35762500762939453,0.3292100131511688,0.3292140066623688,14667584
2026-01-19,0.32922300696372986,0.3292750120162964,0.3052060008049011,0.31470999121665955,23869577
2026-01-20,0.31470999121665955,0.31601399183273315,0.29854100942611694,0.3012610077857971,16304772
2026-01-21,0.3012639880180359,0.32039400935173035,0.29888901114463806,0.3073880076408386,16830491
2026-01-22,0.3073880076408386,0.3170050084590912,0.2986670136451721,0.30265799164772034,12295311
2026-01-23,0.30265799164772034,0.31426501274108887,0.29921799898147583,0.30147498846054077,12333743
2026-01-24,0.30147498846054077,0.30580899119377136,0.2987619936466217,0.3026829957962036,7853049
2026-01-25,0.3026829957962036,0.30321401357650757,0.27889400720596313,0.28396499156951904,12704457
2026-01-26,0.28396499156951904,0.3049040138721466,0.2832939922809601,0.2968910038471222,13543943
2026-01-27,0.2968910038471222,0.30289098620414734,0.2918800115585327,0.3023039996623993,11478675
2026-01-28,0.3023039996623993,0.3045490086078644,0.29465800523757935,0.30055299401283264,11124792
2026-01-29,0.3005549907684326,0.30081799626350403,0.267630010843277,0.2745169997215271,14034339
2026-01-30,0.2745169997215271,0.2760460078716278,0.26553499698638916,0.2719550132751465,15360633
2026-01-31,0.2719550132751465,0.2721090018749237,0.2254990041255951,0.2436169981956482,21936942
2026-02-01,0.2436169981956482,0.2461470067501068,0.2302599996328354,0.23483900725841522,14648027
2026-02-02,0.23483900725841522,0.24659700691699982,0.22856099903583527,0.24163000285625458,15558507
2026-02-03,0.24163000285625458,0.24481800198554993,0.2249460071325302,0.23437899351119995,15445157
2026-02-04,0.23439300060272217,0.24103499948978424,0.22525900602340698,0.23241999745368958,16238614
2026-02-05,0.23241999745368958,0.2341260015964508,0.1875080019235611,0.19069400429725647,25037728
2026-02-06,0.19069400429725647,0.21962200105190277,0.17334499955177307,0.2143069952726364,25736901
2026-02-07,0.2143069952726364,0.21542200446128845,0.20295700430870056,0.21324600279331207,18063298
2026-02-08,0.21324600279331207,0.21341699361801147,0.2019599974155426,0.20300500094890594,14420881
2026-02-09,0.20300400257110596,0.2082660049200058,0.19768500328063965,0.20403499901294708,14789830
2026-02-10,0.20403499901294708,0.20536699891090393,0.19626100361347198,0.19894400238990784,13228975
2026-02-11,0.19894400238990784,0.21251800656318665,0.1915140002965927,0.1970369964838028,25189361
2026-02-12,0.1970369964838028,0.20462700724601746,0.1938920021057129,0.20112499594688416,15403573
2026-02-13,0.20112499594688416,0.2114119976758957,0.19779500365257263,0.20976899564266205,13578058
2026-02-14,0.2097720056772232,0.22237899899482727,0.20838099718093872,0.21967299282550812,29953693
2026-02-15,0.21967299282550812,0.22077900171279907,0.20476000010967255,0.208514004945755,38925416
2026-02-16,0.208514004945755,0.21389999985694885,0.20619800686836243,0.21271899342536926,19856170
2026-02-17,0.21271899342536926,0.21291500329971313,0.20681600272655487,0.20921200513839722,13903849
2026-02-18,0.2092439979314804,0.21694600582122803,0.20339900255203247,0.20410899817943573,14309499
2026-02-19,0.20410899817943573,0.20622999966144562,0.19635500013828278,0.19973699748516083,13567023
2026-02-20,0.19973699748516083,0.20624299347400665,0.1962510049343109,0.2054630070924759,13753050
2026-02-21,0.2054630070924759,0.2162570059299469,0.20531600713729858,0.20795300602912903,13971532
2026-02-22,0.20795300602912903,0.20795400440692902,0.19843600690364838,0.20049799978733063,11649135
2026-02-23,0.20049799978733063,0.2010039985179901,0.1882680058479309,0.19375699758529663,14245488
2026-02-24,0.19375699758529663,0.1957319974899292,0.18919000029563904,0.1918330043554306,12304367
2026-02-25,0.1918330043554306,0.23782700300216675,0.19148799777030945,0.21990099549293518,22797600
2026-02-26,0.21990199387073517,0.22071099281311035,0.20161400735378265,0.208173006772995,16187040
2026-02-27,0.208173006772995,0.21567599475383759,0.19930000603199005,0.20151500403881073,14460982
2026-02-28,0.2015179991722107,0.21176199615001678,0.188167005777359,0.20964600145816803,24233016
2026-03-01,0.20965200662612915,0.21295399963855743,0.1936350017786026,0.19804799556732178,17535174
2026-03-02,0.19804799556732178,0.21222800016403198,0.19767199456691742,0.20582999289035797,14588932
2026-03-03,0.205827996134758,0.2065739929676056,0.19886399805545807,0.2035840004682541,15207158
2026-03-04,0.2035840004682541,0.21360500156879425,0.2019300013780594,0.2088789939880371,17085624
2026-03-05,0.2088789939880371,0.2115200012922287,0.20337900519371033,0.2060369998216629,14187730
2026-03-06,0.20604300498962402,0.2090039998292923,0.19523799419403076,0.19992400705814362,13877693
2026-03-07,0.19992400705814362,0.20037700235843658,0.19237400591373444,0.19359199702739716,11801669
2026-03-08,0.19359199702739716,0.1949390023946762,0.1884389966726303,0.1899999976158142,12308432
2026-03-09,0.1899999976158142,0.20015600323677063,0.18986999988555908,0.19478200376033783,13991091
2026-03-10,0.19478200376033783,0.2038249969482422,0.19467900693416595,0.19759200513362885,13321471
2026-03-11,0.19759200513362885,0.2052229940891266,0.19557499885559082,0.20317299664020538,13275074
2026-03-12,0.20317299664020538,0.2095170021057129,0.2007090002298355,0.20833200216293335,12756625
2026-03-13,0.20833200216293335,0.217071995139122,0.20812900364398956,0.209430992603302,14698917
2026-03-14,0.209430992603302,0.2136020064353943,0.20644399523735046,0.2099580019712448,11919983
2026-03-15,0.20995700359344482,0.21601900458335876,0.20821699500083923,0.21503899991512299,12161786
2026-03-16,0.21503899991512299,0.22612600028514862,0.21472300589084625,0.2244890034198761,16286355
2026-03-17,0.2244890034198761,0.22478699684143066,0.21841399371623993,0.22125999629497528,14339608
2026-03-18,0.22125999629497528,0.2242940068244934,0.2045309990644455,0.2072010040283203,14556822
2026-03-19,0.2072010040283203,0.20974500477313995,0.19966299831867218,0.20213299989700317,13202120
2026-03-20,0.20213299989700317,0.20569300651550293,0.19886499643325806,0.20231199264526367,12310603
2026-03-21,0.20231199264526367,0.20288200676441193,0.19385600090026855,0.19390100240707397,10867324
2026-03-22,0.19390100240707397,0.19591499865055084,0.18863099813461304,0.1903820037841797,12120122
2026-03-23,0.1903820037841797,0.20068900287151337,0.19033999741077423,0.19875800609588623,13997049
2026-03-24,0.19875800609588623,0.19949600100517273,0.19447200000286102,0.19907300174236298,11601205
2026-03-25,0.19907300174236298,0.20368899405002594,0.19876599311828613,0.20199300348758698,12262354
2026-03-26,0.20199300348758698,0.20238299667835236,0.19177700579166412,0.19427700340747833,12829380
2026-03-27,0.19427700340747833,0.1973150074481964,0.18974299728870392,0.19079500436782837,13005735
2026-03-28,0.19079500436782837,0.19271300733089447,0.18808099627494812,0.18808899819850922,10791663
2026-03-29,0.18808899819850922,0.18975499272346497,0.1845420002937317,0.18659700453281403,11652678
2026-03-30,0.18659700453281403,0.20022299885749817,0.18659700453281403,0.19218499958515167,13359606
2026-03-31,0.19218499958515167,0.1967020034790039,0.19218400120735168,0.19538100063800812,10333075
2026-04-01,0.19538100063800812,0.20013900101184845,0.1951189935207367,0.1955060064792633,8671692
2026-04-02,0.1955060064792633,0.19755099713802338,0.18386200070381165,0.18719300627708435,12587269
2026-04-03,0.18719300627708435,0.19979900121688843,0.18695299327373505,0.19220499694347382,12068062
2026-04-04,0.19220499694347382,0.1978909969329834,0.19096800684928894,0.1950570046901703,10075850
2026-04-05,0.1950570046901703,0.19576199352741241,0.18762999773025513,0.1930360049009323,10316711
2026-04-06,0.1930360049009323,0.19771000742912292,0.19080199301242828,0.19213299453258514,10387027
2026-04-07,0.19213299453258514,0.2021310031414032,0.1891999989748001,0.2016569972038269,11958726
2026-04-08,0.20165599882602692,0.20175999402999878,0.19420099258422852,0.19436800479888916,11058622
2026-04-09,0.19436800479888916,0.19673800468444824,0.1920900046825409,0.1931689977645874,10428755
2026-04-10,0.1931689977645874,0.19751399755477905,0.19288000464439392,0.1951889991760254,10493722
2026-04-11,0.1951889991760254,0.1962130069732666,0.19098900258541107,0.1933719962835312,9966636
2026-04-12,0.1933719962835312,0.19417500495910645,0.18864600360393524,0.18898800015449524,10996850
2026-04-13,0.18898800015449524,0.19908800721168518,0.1880130022764206,0.19887499511241913,10629071
2026-04-14,0.19887499511241913,0.19944900274276733,0.19167199730873108,0.19419200718402863,10847707
2026-04-15,0.19419200718402863,0.20176799595355988,0.19392700493335724,0.1995439976453781,11214895
2026-04-16,0.19954000413417816,0.22120000422000885,0.19920699298381805,0.21946699917316437,21528804
2026-04-17,0.21944400668144226,0.22551700472831726,0.21082399785518646,0.21852900087833405,16007945
2026-04-18,0.21852700412273407,0.22550100088119507,0.21205100417137146,0.2122180014848709,14407455
2026-04-19,0.2122180014848709,0.2122189998626709,0.20383700728416443,0.20437100529670715,13216376
2026-04-20,0.20437100529670715,0.22403700649738312,0.20437100529670715,0.2173530012369156,18830632
2026-04-21,0.2173530012369156,0.2221519947052002,0.21390600502490997,0.21985900402069092,13558404
2026-04-22,0.21985900402069092,0.23878200352191925,0.21890999376773834,0.22958700358867645,18137902
2026-04-23,0.2295909970998764,0.23123300075531006,0.2191080003976822,0.2225549966096878,14246270
2026-04-24,0.22256456315517426,0.2241308093070984,0.21935300529003143,0.2224999964237213,12636969
